code,level,preferred,description,codeReference
80000/0,Preferred,1,"Neoplasm, benign",
80000/0,Synonym,0,"Tumour, benign",
80000/0,Synonym,0,"Unclassified tumour, benign",
80000/1,Preferred,1,"Neoplasm, uncertain whether benign or malignant",
80000/1,Synonym,0,"Neoplasm, NOS",
80000/1,Synonym,0,"Tumour, NOS",
80000/1,Synonym,0,"Unclassified tumour, borderline malignancy",
80000/1,Synonym,0,"Unclassified tumour, uncertain whether benign or malignant",
80000/3,Preferred,1,"Neoplasm, malignant, NOS",
80000/3,Synonym,0,"Blastoma, NOS",
80000/3,Synonym,0,"Tumour, malignant, NOS",
80000/3,Synonym,0,Cancer,
80000/3,Synonym,0,Malignancy,
80000/3,Synonym,0,"Unclassified tumour, malignant, NOS",
80001/3,Preferred,1,"Hepatocellular neoplasm, NOS",C22.0
80000/6,Preferred,1,"Neoplasm, metastatic",
80000/6,Synonym,0,"Neoplasm, secondary",
80000/6,Synonym,0,Tumour embolus,
80000/6,Synonym,0,"Tumour, metastatic",
80000/6,Synonym,0,"Tumour, secondary",
80000/9,Preferred,1,"Neoplasm, malignant, uncertain whether primary or metastatic",
80000/9,Synonym,0,"Unclassified tumour, malignant, uncertain whether primary or metastatic",
80010/0,Preferred,1,"Tumour cells, benign",
80010/1,Preferred,1,"Tumour cells, uncertain whether benign or malignant",
80010/1,Synonym,0,"Tumour cells, NOS",
80010/3,Preferred,1,"Tumour cells, malignant",
80020/3,Preferred,1,"Malignant tumour, small cell type",
80030/3,Preferred,1,"Malignant tumour, giant cell type",
80040/1,Preferred,1,Spindle cell tumour of uncertain malignant potential,
80040/3,Preferred,1,"Malignant tumour, spindle cell type",
80040/3,Synonym,0,"Malignant tumour, fusiform cell type",
80050/0,Preferred,1,"Clear cell tumour, NOS",
80050/3,Preferred,1,"Malignant tumour, clear cell type",
80100/0,Preferred,1,"Epithelial tumour, benign",
80100/2,Preferred,1,"Carcinoma in situ, NOS",
80100/2,Synonym,0,"Intraepithelial carcinoma, NOS",
80100/3,Preferred,1,"Carcinoma, NOS",
80100/3,Synonym,0,"Epithelial tumour, malignant",
80101/3,Preferred,1,Heterotopia-associated carcinoma,
80100/6,Preferred,1,"Carcinoma, metastatic, NOS",
80100/6,Synonym,0,Secondary carcinoma,
80100/9,Preferred,1,Carcinomatosis,
80110/0,Preferred,1,"Epithelioma, benign",
80110/3,Preferred,1,"Epithelioma, malignant",
80110/3,Synonym,0,"Epithelioma, NOS",
80120/3,Preferred,1,"Large cell carcinoma, NOS",
80130/3,Preferred,1,"Large cell neuroendocrine carcinoma, NOS",
80130/3,Synonym,0,"Neuroendocrine carcinoma, large cell type",
80130/3,Synonym,0,"Poorly differentiated neuroendocrine carcinoma, large cell type",
80131/3,Preferred,1,Combined large cell neuroendocrine carcinoma,
80140/3,Preferred,1,Large cell carcinoma with rhabdoid phenotype,
80140/3,Synonym,0,Undifferentiated carcinoma with rhabdoid cells,
80140/3,Synonym,0,"Carcinoma, rhabdoid",
80150/3,Preferred,1,Glassy cell carcinoma,
80200/3,Preferred,1,"Carcinoma, undifferentiated, NOS",
80200/3,Synonym,0,"Carcinoma, unclassifiable",
80200/3,Related,0,Sinonasal undifferentiated carcinoma,"C30._, C31._"
80201/3,Preferred,1,"Carcinoma, poorly differentiated, NOS",
80202/3,Preferred,1,Anaplastic undifferentiated carcinoma,
80202/3,Related,0,Anaplastic thyroid carcinoma,C73.9
80202/3,Synonym,0,Undifferentiated thyroid carcinoma,C73.9
80203/3,Preferred,1,Dedifferentiated carcinoma,
80204/3,Preferred,1,Poorly differentiated urothelial carcinoma,
80210/3,Preferred,1,"Carcinoma, anaplastic, NOS",
80220/3,Preferred,1,"Pleomorphic carcinoma, NOS",
80221/3,Preferred,1,"Carcinoma, pleomorphic giant cell",
80230/3,Preferred,1,Nuclear protein in testis (NUT)-associated carcinoma,
80230/3,Synonym,0,NUT carcinoma,
80230/3,Related,0,NUT midline carcinoma,
80230/3,Related,0,"Carcinoma, NUT adnexal",C44._
80300/3,Preferred,1,Giant cell and spindle cell carcinoma,
80310/3,Preferred,1,"Giant cell carcinoma, NOS",
80311/3,Preferred,1,Giant cell urothelial carcinoma,
80320/3,Preferred,1,"Spindle cell carcinoma, NOS",
80330/3,Preferred,1,Pseudosarcomatous carcinoma,
80330/3,Synonym,0,Sarcomatoid carcinoma,
80330/3,Synonym,0,Carcinoma with sarcomatoid component,
80330/3,Synonym,0,Carcinoma with mesenchymal differentiation,
80331/3,Preferred,1,"Salivary duct carcinoma, sarcomatoid","C07.9, C08._"
80340/3,Preferred,1,Polygonal cell carcinoma,
80350/3,Preferred,1,Carcinoma with osteoclast-like giant cells,
80351/3,Preferred,1,Squamous carcinoma with osteoclast-like giant cells,
80352/3,Preferred,1,Undifferentiated carcinoma with osteoclast-like giant cells,
80352/3,Synonym,0,Osteoclastic giant cell carcinoma,
80400/0,Preferred,1,"Tumourlet, benign",
80401/0,Preferred,1,Diffuse idiopathic neuroendocrine cell hyperplasia,
80400/1,Preferred,1,"Tumourlet, NOS",
80410/3,Preferred,1,"Small cell carcinoma, NOS",
80410/3,Synonym,0,Reserve cell carcinoma,
80410/3,Synonym,0,Round cell carcinoma,
80410/3,Synonym,0,Small cell neuroendocrine carcinoma,
80410/3,Synonym,0,"Poorly differentiated neuroendocrine carcinoma, small cell type",
80410/3,Synonym,0,"Small cell carcinoma, pulmonary type",
80410/3,Synonym,0,"Neuroendocrine carcinoma, small cell type",
80410/3,Synonym,0,Small cell undifferentiated carcinoma,
80410/3,Synonym,0,Oat cell carcinoma,C34._
80410/3,Synonym,0,"Small cell carcinoma, fusiform cell",
80410/3,Synonym,0,"Small cell carcinoma, intermediate cell",
80440/3,Preferred,1,"Small cell carcinoma, hypercalcaemic type, NOS",C56.9
80440/3,Synonym,0,SMARCA4-deficient carcinoma of ovary,C56.9
80441/3,Preferred,1,"Small cell carcinoma, hypercalcaemic type, large cell subtype",C56.9
80442/3,Preferred,1,SWI/SNF complex-deficient sinonasal carcinoma,"C30._, C31._"
80443/3,Preferred,1,SMARCB1-deficient sinonasal carcinoma,"C30._, C31._"
80443/3,Synonym,0,SMARCB1-deficient undifferentiated sinonasal carcinoma,"C30._, C31._"
80444/3,Preferred,1,SMARCB1-deficient sinonasal adenocarcinoma,"C30._, C31._"
80445/3,Preferred,1,SMARCA4-deficient sinonasal carcinoma,"C30._, C31._"
80445/3,Synonym,0,SMARCA4-deficient undifferentiated sinonasal carcinoma,"C30._, C31._"
80446/3,Preferred,1,SMARCA4-deficient undifferentiated tumour,
80446/3,Related,0,Thoracic SMARCA4-deficient undifferentiated tumour,
80450/3,Preferred,1,Combined small cell carcinoma,
80450/3,Synonym,0,Combined small cell neuroendocrine carcinoma,
80450/3,Synonym,0,Mixed small cell carcinoma,
80451/3,Preferred,1,Combined small cell-adenocarcinoma,
80452/3,Preferred,1,Combined small cell-large cell carcinoma,
80452/3,Synonym,0,Combined small cell-large cell neuroendocrine carcinoma,
80452/3,Synonym,0,Small cell and large cell endocrine carcinoma,
80453/3,Preferred,1,Combined small cell-squamous cell carcinoma,
80454/3,Preferred,1,Combined small cell-urothelial carcinoma,"C65.9, C66.9, C67._, C68.0"
80460/3,Preferred,1,Non-small cell carcinoma,C34._
80500/0,Preferred,1,"Papilloma, NOS",
80500/2,Preferred,1,"Papillary carcinoma in situ, NOS",
80500/3,Preferred,1,"Papillary carcinoma, NOS",
80510/0,Preferred,1,Verrucous papilloma,
80510/3,Preferred,1,"Verrucous carcinoma, NOS",
80510/3,Synonym,0,Verrucous epidermoid carcinoma,
80510/3,Synonym,0,Verrucous squamous cell carcinoma,
80511/3,Preferred,1,Carcinoma cuniculatum,
80520/0,Preferred,1,"Squamous cell papilloma, NOS",
80520/0,Synonym,0,Keratotic papilloma,
80520/0,Synonym,0,"Squamous papilloma, NOS",
80520/0,Related,0,Vestibular micropapillomatosis,C51._
80520/0,Related,0,Vestibular papillomatosis,C51._
80520/0,Related,0,Laryngeal papillomatosis,C32._
80520/0,Related,0,Hirsuties papillaris vulvae,C51._
80520/0,Related,0,Micropapillomatosis labialis,C51._
80520/0,Related,0,Vaginal papilloma,C52.9
80520/0,Related,0,Conjunctival papilloma,
80520/0,Related,0,Caruncular papilloma,
80521/0,Preferred,1,Squamous papilloma with low-grade dysplasia,
80522/0,Preferred,1,"Squamous cell papilloma, exophytic",
80522/0,Synonym,0,"Squamous papilloma, exophytic",
80523/0,Preferred,1,"Squamous cell papilloma, mixed",
80523/0,Synonym,0,"Squamous papilloma, mixed",
80524/0,Preferred,1,"Benign keratosis, NOS",
80525/0,Preferred,1,"Seborrhoeic keratosis, NOS",
80526/0,Preferred,1,"Seborrhoeic keratosis, irritated",
80527/0,Preferred,1,Stucco keratosis,
80528/0,Preferred,1,Solar lentigo,
80529/0,Preferred,1,Lichen planus-like keratosis,
80529/0,Synonym,0,Lichenoid keratosis,
8052A/0,Preferred,1,Keratocystoma,
8052B/0,Preferred,1,Onychopapilloma,"C44.6, C44.7"
8052C/0,Preferred,1,Ungual fibrokeratoma,"C44.6, C44.7"
8052D/0,Preferred,1,Onychocytic matricoma,"C44.6, C44.7"
8052D/0,Synonym,0,Longitudinal subungual acanthoma,"C44.6, C44.7"
8052E/0,Preferred,1,Melanoacanthoma,
80520/2,Preferred,1,"Papillary squamous cell carcinoma, non-invasive",
80520/2,Synonym,0,Papillary squamous cell carcinoma in situ,
80521/2,Preferred,1,Squamous papilloma with high-grade dysplasia,
80520/3,Preferred,1,"Papillary squamous cell carcinoma, NOS",
80520/3,Synonym,0,Papillary epidermoid carcinoma,
80530/0,Preferred,1,"Squamous cell papilloma, inverted",
80530/0,Synonym,0,"Squamous cell papilloma, endophytic",
80530/0,Synonym,0,"Squamous papilloma, inverted",
80540/0,Preferred,1,Warty dyskeratoma,
80540/3,Preferred,1,"Warty carcinoma, NOS",
80540/3,Synonym,0,Condylomatous carcinoma,
80541/3,Preferred,1,"Warty carcinoma, HPV-associated",
80542/3,Preferred,1,Warty-basaloid carcinoma,
80600/0,Preferred,1,Squamous papillomatosis,
80600/0,Synonym,0,Squamous cell papillomatosis,
80600/0,Synonym,0,"Papillomatosis, NOS",
80700/0,Preferred,1,"Actinic keratosis, NOS",
80701/0,Preferred,1,"Actinic keratosis, proliferative",
80702/0,Preferred,1,"Actinic keratosis, hypertrophic",
80703/0,Preferred,1,"Actinic keratosis, lichenoid",
80704/0,Preferred,1,"Actinic keratosis, pigmented",
80705/0,Preferred,1,Arsenical keratosis,
80706/0,Preferred,1,PUVA keratosis,
80700/2,Preferred,1,"Squamous cell carcinoma in situ, NOS",
80700/2,Synonym,0,"Epidermoid carcinoma in situ, NOS",
80700/2,Synonym,0,Intraepithelial squamous cell carcinoma,
80700/2,Related,0,Bowen disease,C44._
80700/2,Synonym,0,"Intraepidermal carcinoma, NOS",C44._
80700/2,Synonym,0,"Intraepidermal squamous cell carcinoma, Bowen type",C44._
80700/2,Synonym,0,Bowenoid papulosis,
80700/2,Related,0,Actinic keratosis with high-grade dysplasia,
80700/3,Preferred,1,"Squamous cell carcinoma, NOS",
80700/3,Synonym,0,"Squamous cell carcinoma, usual type",
80700/3,Synonym,0,"Epidermoid carcinoma, NOS",
80700/3,Synonym,0,"Squamous carcinoma, NOS",
80700/3,Synonym,0,Squamous cell epithelioma,
80707/3,Preferred,1,Hybrid verrucous carcinoma,
80708/3,Preferred,1,Nasopharyngeal carcinoma,C11._
80700/6,Preferred,1,"Squamous cell carcinoma, metastatic, NOS",
80710/1,Preferred,1,"Keratoacanthoma, NOS",
80711/1,Preferred,1,"Keratoacanthoma, subungual","C44.6, C44.7"
80712/1,Preferred,1,Subungual tumour of incontinentia pigmenti,
80710/2,Preferred,1,Differentiated intraepithelial neoplasia,
80710/2,Related,0,Differentiated penile intraepithelial neoplasia (PeIN),C60._
80710/2,Related,0,Differentiated vulvar intraepithelial neoplasia (VIN),C51._
80710/2,Synonym,0,"Vulvar intraepithelial neoplasia, HPV-independent",C51._
80710/2,Related,0,Differentiated exophytic vulvar intraepithelial lesion,C51._
80710/2,Related,0,Vulvar acanthosis with altered differentiation,C51._
80710/3,Preferred,1,"Squamous cell carcinoma, keratinizing, NOS",
80710/3,Synonym,0,"Epidermoid carcinoma, keratinizing",
80710/3,Synonym,0,"Squamous cell carcinoma, large cell, keratinizing",
80720/0,Preferred,1,Large cell acanthoma,
80720/3,Preferred,1,"Squamous cell carcinoma, non-keratinizing, NOS",
80720/3,Related,0,"Transitional cell carcinoma of head and neck, NOS","C30.0, C31._"
80720/3,Synonym,0,Schneiderian carcinoma,"C30.0, C31._"
80720/3,Synonym,0,Cylindrical cell carcinoma,"C30.0, C31._"
80721/3,Preferred,1,"Squamous cell carcinoma, large cell, non-keratinizing, NOS",
80721/3,Synonym,0,"Epidermoid carcinoma, large cell, non-keratinizing",
80722/3,Preferred,1,DEK::AFF2 squamous cell carcinoma,
80722/3,Synonym,0,DEK::AFF2 squamous carcinoma,
80730/3,Preferred,1,"Squamous cell carcinoma, small cell, non-keratinizing",
80730/3,Synonym,0,"Epidermoid carcinoma, small cell, non-keratinizing",
80740/3,Preferred,1,"Squamous cell carcinoma, spindle cell",
80740/3,Synonym,0,"Epidermoid carcinoma, spindle cell",
80740/3,Synonym,0,Squamous cell carcinoma with a spindle cell component,
80741/3,Preferred,1,"Squamous cell carcinoma, sarcomatoid",
80741/3,Synonym,0,Squamous cell carcinoma with sarcomatoid differentiation,
80741/3,Synonym,0,"Squamous cell carcinoma, pseudosarcomatous",
80742/3,Preferred,1,Pseudovascular squamous cell carcinoma,
80750/3,Preferred,1,"Squamous cell carcinoma, acantholytic",
80750/3,Synonym,0,"Squamous cell carcinoma, adenoid",
80750/3,Synonym,0,"Squamous cell carcinoma, pseudoglandular",
80760/2,Preferred,1,Squamous cell carcinoma in situ with questionable stromal invasion,
80760/2,Synonym,0,Epidermoid carcinoma in situ with questionable stromal invasion,
80760/3,Preferred,1,"Squamous cell carcinoma, microinvasive",
80770/0,Preferred,1,"Squamous intraepithelial neoplasia, low-grade",
80770/0,Synonym,0,"Low-grade squamous intraepithelial lesion, NOS",
80770/0,Synonym,0,"Squamous dysplasia, low-grade",
80770/0,Related,0,"Oesophageal squamous dysplasia, low-grade",C15._
80770/0,Synonym,0,"Oesophageal squamous intraepithelial neoplasia, low-grade",C15._
80770/0,Related,0,"Low-grade squamous intraepithelial lesion, HPV-associated",
80770/0,Related,0,"Anal intraepithelial neoplasia, low-grade",C21.1
80770/0,Related,0,"Cervical intraepithelial neoplasia, low-grade",C53._
80770/0,Related,0,"Penile intraepithelial neoplasia, HPV-associated, low-grade",C60._
80771/0,Preferred,1,"Squamous intraepithelial neoplasia, grade 1",
80771/0,Synonym,0,"Squamous intraepithelial neoplasia, mild dysplasia",
80771/0,Synonym,0,Mild squamous dysplasia,
80771/0,Related,0,"Vaginal intraepithelial neoplasia, grade 1",C52.9
80771/0,Synonym,0,VAIN 1,C52.9
80771/0,Related,0,"Vulvar intraepithelial neoplasia, grade 1",C51._
80771/0,Synonym,0,VIN 1,C51._
80771/0,Related,0,"Anal intraepithelial neoplasia, grade 1",C21.1
80771/0,Synonym,0,AIN 1,C21.1
80771/0,Related,0,"Conjunctival squamous intraepithelial neoplasia, mild dysplasia",C69.0
80771/0,Related,0,"Cervical intraepithelial neoplasia, grade 1",C53._
80771/0,Synonym,0,CIN 1,C53._
80770/2,Preferred,1,High-grade squamous intraepithelial lesion,
80770/2,Synonym,0,"Squamous intraepithelial neoplasia, high-grade",
80770/2,Synonym,0,"Squamous dysplasia, high-grade",
80770/2,Related,0,"Oesophageal squamous dysplasia, high-grade",C15._
80770/2,Synonym,0,"Oesophageal squamous intraepithelial neoplasia, high-grade",C15._
80770/2,Related,0,"High-grade squamous intraepithelial lesion, HPV-associated",
80770/2,Related,0,"Anal intraepithelial neoplasia, high-grade",C21.1
80770/2,Related,0,"Cervical intraepithelial neoplasia, high-grade",C53._
80770/2,Related,0,"Penile intraepithelial neoplasia, HPV-associated, high-grade",C60._
80771/2,Preferred,1,"Squamous intraepithelial neoplasia, grade 2",
80771/2,Synonym,0,"Squamous intraepithelial neoplasia, moderate dysplasia",
80771/2,Synonym,0,Moderate squamous dysplasia,
80771/2,Related,0,"Vaginal intraepithelial neoplasia, grade 2",C52.9
80771/2,Synonym,0,VAIN 2,C52.9
80771/2,Related,0,"Vulvar intraepithelial neoplasia, grade 2",C51._
80771/2,Synonym,0,VIN 2,C51._
80771/2,Related,0,"Anal intraepithelial neoplasia, grade 2",C21.1
80771/2,Synonym,0,AIN 2,C21.1
80771/2,Related,0,"Conjunctival squamous intraepithelial neoplasia, moderate dysplasia",C69.0
80771/2,Related,0,"Cervical intraepithelial neoplasia, grade 2",C53._
80771/2,Synonym,0,CIN 2,C53._
80772/2,Preferred,1,"Squamous intraepithelial neoplasia, grade 3",
80772/2,Synonym,0,"Squamous intraepithelial neoplasia, severe dysplasia",
80772/2,Synonym,0,Severe squamous dysplasia,
80772/2,Related,0,"Vaginal intraepithelial neoplasia, grade 3",C52._
80772/2,Synonym,0,VAIN 3,C52._
80772/2,Related,0,"Vulvar intraepithelial neoplasia, grade 3",C51._
80772/2,Synonym,0,VIN 3,C51._
80772/2,Related,0,"Anal intraepithelial neoplasia, grade 3",C21.1
80772/2,Synonym,0,AIN 3,C21.1
80772/2,Related,0,"Conjunctival squamous intraepithelial neoplasia, severe dysplasia",C69.0
80772/2,Related,0,"Cervical intraepithelial neoplasia, grade 3",C53._
80772/2,Synonym,0,"CIN 3, NOS",C53._
80772/2,Synonym,0,CIN 3 with severe dysplasia,C53._
80780/3,Preferred,1,Squamous cell carcinoma with horn formation,
80800/2,Preferred,1,Queyrat erythroplasia,C60._
80820/3,Preferred,1,"Lymphoepithelial carcinoma, NOS",
80820/3,Synonym,0,Lymphoepithelioma,
80820/3,Synonym,0,"Lymphoepithelioma-like carcinoma, NOS",
80820/3,Related,0,Schmincke tumour,C11._
80821/3,Preferred,1,Lymphoepithelioma-like urothelial carcinoma,
80822/3,Preferred,1,Lymphoepithelial carcinoma of salivary gland,"C06.3, C07.9, C08._"
80830/2,Preferred,1,"Basaloid squamous cell carcinoma, in situ",
80830/3,Preferred,1,"Basaloid squamous cell carcinoma, NOS",
80831/3,Preferred,1,Papillary-basaloid carcinoma,
80840/0,Preferred,1,Clear cell acanthoma,
80840/3,Preferred,1,"Squamous cell carcinoma, clear cell, NOS",
80840/3,Synonym,0,"Squamous cell carcinoma, clear cell type",
80841/3,Preferred,1,"Clear cell squamous carcinoma, HPV-associated",
80850/0,Preferred,1,"HPV-associated oral epithelial dysplasia, low-grade",
80850/2,Preferred,1,"Squamous cell carcinoma in situ, HPV-associated",
80850/2,Related,0,"HPV-associated oral epithelial dysplasia, high-grade",
80850/3,Preferred,1,"Squamous cell carcinoma, HPV-associated",
80850/3,Synonym,0,"Squamous cell carcinoma, HPV-positive",
80850/3,Synonym,0,"Squamous cell carcinoma, p16-positive ",
80850/3,Synonym,0,"Squamous cell carcinoma, HPV-related",
80851/3,Preferred,1,"Adenosquamous carcinoma, HPV-associated, NOS",
80852/3,Preferred,1,"Ciliated adenosquamous carcinoma, HPV-associated",
80853/3,Preferred,1,"Keratinizing squamous cell carcinoma, HPV-associated",
80854/3,Preferred,1,"Papillary squamous cell carcinoma, HPV-associated",
80855/3,Preferred,1,"Non-keratinizing squamous cell carcinoma, HPV-associated",
80855/3,Related,0,"Transitional cell carcinoma of head and neck, HPV-associated",
80856/3,Preferred,1,"Lymphoepithelial carcinoma, HPV-associated",
80856/3,Synonym,0,"Lymphoepithelioma-like carcinoma, HPV-associated",
80857/3,Preferred,1,"Spindle cell/sarcomatoid squamous cell carcinoma, HPV-associated",
80858/3,Preferred,1,"Basaloid squamous cell carcinoma, HPV-associated",
80860/3,Preferred,1,"Squamous cell carcinoma, HPV-independent",
80860/3,Synonym,0,"Squamous cell carcinoma, HPV-negative",
80860/3,Synonym,0,"Squamous cell carcinoma, p16-negative",
80861/3,Preferred,1,"Adenosquamous carcinoma, HPV-independent",
80862/3,Preferred,1,"Keratinizing squamous cell carcinoma, HPV-independent",
80863/3,Preferred,1,"Papillary squamous cell carcinoma, HPV-independent",
80864/3,Preferred,1,"Lymphoepithelial carcinoma, HPV-independent",
80865/3,Preferred,1,"Spindle cell/sarcomatoid squamous cell carcinoma, HPV-independent",
80866/3,Preferred,1,"Basaloid squamous cell carcinoma, HPV-independent",
80867/3,Preferred,1,"Verrucous carcinoma, HPV-independent",
80868/3,Preferred,1,"Non-keratinizing squamous cell carcinoma, HPV-independent",
80900/1,Preferred,1,Basal cell tumour,C44._
80900/3,Preferred,1,"Basal cell carcinoma, NOS",C44._
80900/3,Synonym,0,Basal cell epithelioma,C44._
80900/3,Synonym,0,Rodent ulcer,C44._
80901/3,Preferred,1,Pigmented basal cell carcinoma,C44._
80902/3,Preferred,1,Basal cell carcinoma with adnexal differentiation,C44._
80910/3,Preferred,1,Superficial basal cell carcinoma,C44._
80911/3,Preferred,1,Multifocal superficial basal cell carcinoma,C44._
80911/3,Synonym,0,Multicentric basal cell carcinoma,C44._
80920/3,Preferred,1,"Infiltrating basal cell carcinoma, NOS",C44._
80921/3,Preferred,1,"Infiltrating basal cell carcinoma, non-sclerosing",C44._
80922/3,Preferred,1,"Basal cell carcinoma, sclerosing/morphoeic",C44._
80922/3,Synonym,0,"Infiltrating basal cell carcinoma, sclerosing",C44._
80922/3,Synonym,0,"Basal cell carcinoma, morphoeic",C44._
80922/3,Synonym,0,"Basal cell carcinoma, desmoplastic type",C44._
80923/3,Preferred,1,"Basal cell carcinoma, sarcomatoid",C44._
80923/3,Synonym,0,Basal cell carcinoma with sarcomatoid differentiation,C44._
80930/3,Preferred,1,"Basal cell carcinoma, fibroepithelial",C44._
80930/3,Synonym,0,"Fibroepithelioma, NOS",
80930/3,Synonym,0,Fibroepithelioma of Pinkus type,
80930/3,Synonym,0,"Fibroepithelial basal cell carcinoma, Pinkus type",
80930/3,Synonym,0,Pinkus tumour,
80940/3,Preferred,1,Basosquamous carcinoma,C44._
80940/3,Synonym,0,Mixed basal-squamous cell carcinoma,C44._
80950/3,Preferred,1,Metatypical carcinoma,C44._
80960/0,Preferred,1,Intraepidermal epithelioma of Jadassohn,C44._
80970/3,Preferred,1,"Basal cell carcinoma, nodular",C44._
80971/3,Preferred,1,"Basal cell carcinoma, micronodular",C44._
80980/3,Preferred,1,Adenoid basal carcinoma,C53._
80980/3,Synonym,0,Adenoid basal epithelioma,C53._
80980/3,Synonym,0,Low-grade adenoid basal tumour,C53._
81000/0,Preferred,1,Trichoepithelioma,C44._
81000/0,Synonym,0,Brooke tumour,C44._
81000/0,Synonym,0,Epithelioma adenoides cysticum,C44._
81001/0,Preferred,1,Trichoblastoma,C44._
81001/0,Synonym,0,Trichoblastic fibroma,C44._
81002/0,Preferred,1,Trichogerminoma,C44._
81000/3,Preferred,1,Trichoblastic carcinoma,C44._
81001/3,Preferred,1,Trichoblastic carcinosarcoma,C44._
81010/0,Preferred,1,Trichofolliculoma,C44._
81020/0,Preferred,1,"Trichilemmoma, NOS",C44._
81021/0,Preferred,1,"Trichilemmoma, desmoplastic",C44._
81020/3,Preferred,1,Trichilemmal carcinoma,C44._
81020/3,Synonym,0,Trichilemmocarcinoma,C44._
81020/3,Synonym,0,Tricholemmal carcinoma,C44._
81020/3,Synonym,0,Trichilemmomal carcinoma,C44._
81030/0,Preferred,1,Pilar tumour,C44._
81030/1,Preferred,1,Proliferating trichilemmal tumour,C44._
81030/1,Synonym,0,Proliferating trichilemmal cyst,C44._
81030/1,Synonym,0,Proliferating tricholemmal tumour,C44._
81030/1,Synonym,0,Proliferating pilar tumour,C44._
81040/0,Preferred,1,Pilar sheath acanthoma,C44._
81041/0,Preferred,1,Tumour of follicular infundibulum,C44._
81100/0,Preferred,1,"Pilomatricoma, NOS",C44._
81100/0,Synonym,0,"Pilomatrixoma, NOS",C44._
81100/0,Synonym,0,Calcifying epithelioma of Malherbe,C44._
81101/0,Preferred,1,Melanocytic matricoma,C44._
81100/3,Preferred,1,Pilomatrical carcinoma,C44._
81100/3,Synonym,0,Pilomatrix carcinoma,C44._
81100/3,Synonym,0,Matrical carcinoma,C44._
81100/3,Synonym,0,"Pilomatricoma, malignant",C44._
81100/3,Synonym,0,"Pilomatrixoma, malignant",C44._
81200/0,Preferred,1,"Urothelial papilloma, NOS",
81200/0,Synonym,0,"Transitional cell papilloma, benign",
81200/0,Synonym,0,"Transitional papilloma, NOS",
81200/0,Synonym,0,"Transitional cell papilloma, NOS",
81200/0,Synonym,0,Papilloma of bladder,C67._
81200/2,Preferred,1,Urothelial carcinoma in situ,
81200/2,Synonym,0,Transitional cell carcinoma in situ,
81200/3,Preferred,1,"Urothelial carcinoma, NOS","C65.9, C66.9, C67._, C68.0"
81200/3,Synonym,0,"Transitional cell carcinoma, NOS",
81200/3,Synonym,0,Transitional carcinoma,
81201/3,Preferred,1,"Urothelial carcinoma, lipid-rich","C65.9, C66.9, C67._, C68.0"
81202/3,Preferred,1,"Urothelial carcinoma, clear cell (glycogen rich)","C65.9, C66.9, C67._, C68.0"
81203/3,Preferred,1,"Urothelial carcinoma, nested, NOS","C65.9, C66.9, C67._, C68.0"
81204/3,Preferred,1,"Urothelial carcinoma, large nested","C65.9, C66.9, C67._, C68.0"
81205/3,Preferred,1,"Urothelial carcinoma, tubular and microcystic","C65.9, C66.9, C67._, C68.0"
81206/3,Preferred,1,Urothelial carcinoma with squamous differentiation,"C65.9, C66.9, C67._, C68.0"
81206/3,Synonym,0,Squamotransitional carcinoma,
81207/3,Preferred,1,Urothelial carcinoma with glandular differentiation,"C65.9, C66.9, C67._, C68.0"
81208/3,Preferred,1,Urothelial carcinoma with trophoblastic differentiation,"C65.9, C66.9, C67._, C68.0"
81210/0,Preferred,1,"Sinonasal papilloma, NOS","C30.0, C31._"
81210/0,Synonym,0,"Schneiderian papilloma, NOS","C30.0, C31._"
81210/0,Related,0,Middle ear papilloma,C30.1
81211/0,Preferred,1,"Sinonasal papilloma, exophytic","C30.0, C31._"
81211/0,Synonym,0,"Sinonasal papilloma, fungiform","C30.0, C31._"
81211/0,Synonym,0,Exophytic sinonasal-type papilloma,
81212/0,Preferred,1,"Urothelial papilloma, inverted",
81212/0,Synonym,0,"Transitional papilloma, inverted, NOS",
81212/0,Synonym,0,"Transitional cell papilloma, inverted, NOS",
81211/1,Preferred,1,"Sinonasal papilloma, inverted","C30.0, C31._"
81211/1,Synonym,0,"Schneiderian papilloma, inverted","C30.0, C31._"
81211/1,Synonym,0,Inverted sinonasal-type papilloma,
81211/1,Synonym,0,"Papilloma, inverted",
81213/1,Preferred,1,"Sinonasal papilloma, oncocytic","C30.0, C31._"
81213/1,Synonym,0,Oncocytic sinonasal-type papilloma,
81213/1,Synonym,0,"Schneiderian papilloma, oncocytic","C30.0, C31._"
81213/1,Synonym,0,Cylindrical cell papilloma,"C30.0, C31._"
81213/1,Synonym,0,Columnar cell papilloma,
81220/3,Preferred,1,"Urothelial carcinoma, sarcomatoid",
81220/3,Synonym,0,"Urothelial carcinoma, spindle cell",
81220/3,Synonym,0,"Transitional cell carcinoma, spindle cell",
81220/3,Synonym,0,"Transitional cell carcinoma, sarcomatoid",
81221/3,Preferred,1,"Urothelial carcinoma, plasmacytoid",
81230/3,Preferred,1,Basaloid carcinoma,
81240/3,Preferred,1,Cloacogenic carcinoma,C21.2
81300/1,Preferred,1,"Papillary urothelial neoplasm of low malignant potential, NOS","C65.9, C66.9, C67._, C68.0"
81300/1,Synonym,0,"Papillary transitional cell neoplasm of low malignant potential, NOS","C65.9, C66.9, C67._, C68.0"
81301/1,Preferred,1,"Papillary urothelial neoplasm of low malignant potential, inverted","C65.9, C66.9, C67._, C68.0"
81301/1,Synonym,0,"Papillary transitional cell neoplasm of low malignant potential, inverted","C65.9, C66.9, C67._, C68.0"
81300/2,Preferred,1,"Papillary urothelial carcinoma, non-invasive, NOS","C65.9, C66.9, C67._, C68.0"
81300/2,Synonym,0,"Papillary transitional cell carcinoma, non-invasive","C65.9, C66.9, C67._, C68.0"
81301/2,Preferred,1,"Non-invasive papillary urothelial carcinoma, low-grade, NOS","C65.9, C66.9, C67._, C68.0"
81302/2,Preferred,1,"Non-invasive papillary urothelial carcinoma with an inverted growth pattern, low-grade","C65.9, C66.9, C67._, C68.0"
81303/2,Preferred,1,"Non-invasive papillary urothelial carcinoma, high-grade, NOS","C65.9, C66.9, C67._, C68.0"
81304/2,Preferred,1,"Non-invasive papillary urothelial carcinoma with an inverted growth pattern, high-grade","C65.9, C66.9, C67._, C68.0"
81300/3,Preferred,1,"Papillary urothelial carcinoma, NOS","C65.9, C66.9, C67._, C68.0"
81300/3,Synonym,0,"Papillary transitional cell carcinoma, NOS","C65.9, C66.9, C67._, C68.0"
81310/3,Preferred,1,"Urothelial carcinoma, micropapillary","C65.9, C66.9, C67._, C68.0"
81310/3,Synonym,0,"Transitional cell carcinoma, micropapillary","C65.9, C66.9, C67._, C68.0"
81400/0,Preferred,1,"Adenoma, NOS",
81400/0,Related,0,Parathyroid adenoma,C75.0
81400/0,Related,0,Bronchiolar adenoma/ciliated muconodular papillary tumour,C34._
81400/0,Synonym,0,Bronchiolar adenoma,C34._
81400/0,Synonym,0,Ciliated muconodular papillary tumour,C34._
81401/0,Preferred,1,"Oxyntic gland adenoma, NOS",C16._
81401/0,Synonym,0,"Chief cell-predominant polyp, NOS",C16._
81401/0,Synonym,0,"Oxyntic gland polyp, NOS",C16._
81402/0,Preferred,1,"Oxyntic gland adenoma, low-grade",C16._
81402/0,Synonym,0,"Chief cell-predominant polyp, low-grade",C16._
81402/0,Synonym,0,"Oxyntic gland polyp, low-grade",C16._
81403/0,Preferred,1,"Pyloric gland adenoma, NOS",C16._
81403/0,Synonym,0,"Pyloric gland-type adenoma, NOS",C16._
81403/0,Synonym,0,"Pyloric gland tubular adenoma, NOS",C16._
81403/0,Synonym,0,"Pyloric gland intracystic papillary neoplasm, NOS",C16._
81404/0,Preferred,1,"Pyloric gland adenoma, low-grade",C16._
81404/0,Synonym,0,"Pyloric gland-type adenoma, low-grade",C16._
81404/0,Synonym,0,"Pyloric gland tubular adenoma, low-grade",C16._
81404/0,Synonym,0,"Pyloric gland intracystic papillary neoplasm, low-grade",C16._
81405/0,Preferred,1,Sclerosing polycystic adenoma,"C07.9, C08._, C69.5"
81400/1,Preferred,1,Atypical adenoma,
81400/1,Related,0,Atypical parathyroid tumour,C75.0
81400/1,Synonym,0,Atypical parathyroid neoplasm,C75.0
81400/1,Synonym,0,Parathyroid tumour of low/uncertain malignant potential,C75.0
81400/2,Preferred,1,"Adenocarcinoma in situ, NOS",
81402/2,Preferred,1,"Oxyntic gland adenoma, high-grade",C16._
81402/2,Synonym,0,"Chief cell-predominant polyp, high-grade",C16._
81402/2,Synonym,0,"Oxyntic gland polyp, high-grade",C16._
81404/2,Preferred,1,"Pyloric gland adenoma, high-grade",C16._
81404/2,Synonym,0,"Pyloric gland-type adenoma, high-grade",C16._
81404/2,Synonym,0,"Pyloric gland tubular adenoma, high-grade",C16._
81404/2,Synonym,0,"Pyloric gland intracystic papillary neoplasm, high-grade",C16._
81400/3,Preferred,1,"Adenocarcinoma, NOS",
81400/3,Synonym,0,"Adenocarcinoma, usual type",
81400/3,Related,0,Carcinoma of gallbladder,C23.9
81400/3,Related,0,Parathyroid carcinoma,C75.0
81402/3,Preferred,1,Gastric adenocarcinoma of fundic gland type,C16._
81406/3,Preferred,1,Skene gland adenocarcinoma,C68.1
81406/3,Synonym,0,Carcinoma of Skene glands,C68.1
81406/3,Synonym,0,Adenocarcinoma of Skene gland origin,C68.1
81407/3,Preferred,1,Cowper gland adenocarcinoma,C68.0
81407/3,Synonym,0,Carcinoma of Cowper glands,C68.0
81408/3,Preferred,1,Littré gland adenocarcinoma,C68.0
81408/3,Synonym,0,Carcinoma of Littré glands,C68.0
81409/3,Preferred,1,Endolymphatic sac tumour,
8140A/3,Preferred,1,Acinar adenocarcinoma of prostate,C61.9
8140B/3,Preferred,1,Renal cell-like sinonasal adenocarcinoma,"C30._, C31._"
8140C/3,Preferred,1,Paneth cell carcinoma,
8140D/3,Preferred,1,"Adenocarcinoma, pleomorphic giant cell acinar",
8140E/3,Preferred,1,"Carcinoma, prostatic-intraepithelial neoplasia-like",C61.9
8140F/3,Preferred,1,Salivary gland carcinoma,"C06.3, C07.9, C08._"
8140F/3,Synonym,0,Salivary gland adenocarcinoma,"C06.3, C07.9, C08._"
8140G/3,Preferred,1,"Adenocarcinoma, non-intestinal-type",
81400/6,Preferred,1,"Adenocarcinoma, metastatic, NOS",
81410/3,Preferred,1,Scirrhous adenocarcinoma,
81410/3,Synonym,0,Carcinoma with productive fibrosis,
81410/3,Synonym,0,Scirrhous carcinoma,
81420/3,Preferred,1,Linitis plastica,C16._
81430/3,Preferred,1,Superficial spreading adenocarcinoma,
81440/0,Preferred,1,"Adenoma, intestinal-type, NOS",
81441/0,Preferred,1,"Adenoma, intestinal-type, low-grade",
81441/0,Synonym,0,"Adenoma, ampullary-duodenal, low-grade",C24.1
81442/0,Preferred,1,"Adenoma, intestinal-type, sporadic, low-grade",
81443/0,Preferred,1,"Adenoma, intestinal-type, syndromic, low-grade",
81444/0,Preferred,1,"Intestinal-type dysplasia, low-grade",
81441/2,Preferred,1,"Adenoma, intestinal-type, high-grade",
81441/2,Synonym,0,"Adenoma, ampullary-duodenal, high-grade",C24.1
81442/2,Preferred,1,"Adenoma, intestinal-type, sporadic, high-grade",
81443/2,Preferred,1,"Adenoma, intestinal-type, syndromic, high-grade",
81444/2,Preferred,1,"Intestinal-type dysplasia, high-grade",
81440/3,Preferred,1,"Adenocarcinoma, intestinal-type",
81440/3,Synonym,0,Adenocarcinoma of intestinal type,
81440/3,Synonym,0,"Adenocarcinoma, enteric",
81440/3,Synonym,0,"Adenocarcinoma, enteric-type",
81440/3,Synonym,0,"Carcinoma, intestinal-type",
81440/3,Synonym,0,"Mucinous carcinoma, intestinal-type",
81440/3,Synonym,0,"Adenocarcinoma, intestinal, NOS",
81445/3,Preferred,1,"Tubular adenocarcinoma, intestinal type",
81446/3,Preferred,1,Endometrial gastric (gastrointestinal)-type carcinoma,C54.1
81446/3,Synonym,0,Endometrial gastric-type adenocarcinoma,C54.1
81450/3,Preferred,1,"Carcinoma, diffuse type",C16._
81450/3,Synonym,0,"Adenocarcinoma, diffuse type",C16._
81460/0,Preferred,1,Monomorphic adenoma,
81470/0,Preferred,1,"Basal cell adenoma, NOS",
81471/0,Preferred,1,"Basal cell adenoma, membranous",
81470/3,Preferred,1,Basal cell adenocarcinoma,
81470/3,Related,0,Adenoid cystic (basal cell) carcinoma of prosate,
81470/3,Synonym,0,Basal cell carcinoma of prostate,C61.9
81470/3,Synonym,0,Adenoid cystic carcinoma of prostate,C61.9
81470/3,Synonym,0,Adenoid basal cell carcinoma of prostate,C61.9
81470/3,Synonym,0,"Adenoid cystic carcinoma of prostate, solid pattern",C61.9
81480/0,Preferred,1,"Glandular intraepithelial neoplasia, low-grade",
81480/0,Synonym,0,"Glandular intraepithelial neoplasia, grade 1",
81480/0,Synonym,0,"Glandular intraepithelial neoplasia, grade 2",
81480/0,Related,0,"Biliary intraepithelial neoplasia, low-grade",
81480/0,Related,0,"Barrett dysplasia, low-grade","C15._, C16.7"
81480/0,Synonym,0,"Oesophageal glandular dysplasia (intraepithelial neoplasia), low-grade",C15._
81480/0,Related,0,"Pancreatic intraepithelial neoplasia, low-grade",C25._
81480/0,Synonym,0,"PanIN, low-grade",C25._
81480/0,Related,0,"Gastric dysplasia, low-grade",C16._
81481/0,Preferred,1,"Dysplasia associated with inflammatory bowel disease, low-grade",
81482/0,Preferred,1,"Gastric pit/crypt dysplasia, low-grade",C16._
81482/0,Synonym,0,"Crypt dysplasia, low-grade",C16._
81482/0,Synonym,0,"Gastric pit dysplasia, low-grade",C16._
81483/0,Preferred,1,"Foveolar-type (gastric-type) dysplasia, low-grade",C16._
81480/2,Preferred,1,"Glandular intraepithelial neoplasia, high-grade",
81480/2,Synonym,0,"Glandular intraepithelial neoplasia, grade 3",
81480/2,Synonym,0,"Flat intraepithelial neoplasia, high-grade",
81480/2,Related,0,"Biliary intraepithelial neoplasia, high-grade",
81480/2,Synonym,0,"Biliary intraepithelial neoplasia, grade 3 (BilIN-3)",
81480/2,Related,0,"Barrett dysplasia, high-grade","C15._, C16.7"
81480/2,Synonym,0,"Oesophageal glandular dysplasia (intraepithelial neoplasia), high-grade",C15._
81480/2,Related,0,"Pancreatic intraepithelial neoplasia, high-grade",C25._
81480/2,Synonym,0,"PanIN, high-grade",C25._
81480/2,Related,0,"Gastric dysplasia, high-grade",C16._
81480/2,Related,0,"Prostatic intraepithelial neoplasia, high-grade",C61.9
81480/2,Synonym,0,"Prostatic intraepithelial neoplasia, NOS",C61.9
81480/2,Synonym,0,"Prostatic intraepithelial neoplasia, grade 3",C61.9
81480/2,Synonym,0,PIN 3,C61.9
81481/2,Preferred,1,"Dysplasia associated with inflammatory bowel disease, high-grade",
81482/2,Preferred,1,"Gastric pit/crypt dysplasia, high-grade",
81482/2,Synonym,0,"Crypt dysplasia, high-grade",C16._
81482/2,Synonym,0,"Gastric pit dysplasia, high-grade",C16._
81483/2,Preferred,1,"Foveolar-type (gastric-type) dysplasia, high-grade",C16._
81490/0,Preferred,1,Canalicular adenoma,
81500/1,Preferred,1,Pancreatic neuroendocrine microtumour,C25.4
81500/1,Synonym,0,Pancreatic microadenoma,C25.4
81500/1,Synonym,0,Pancreatic neuroendocrine microadenoma,C25.4
81500/3,Preferred,1,"Pancreatic neuroendocrine tumour, non-functioning",C25.4
81500/3,Synonym,0,"Pancreatic endocrine tumour, non-functioning",C25.4
81500/3,Synonym,0,"Pancreatic endocrine tumour, NOS",C25.4
81500/3,Related,0,Islet cell adenoma,C25.4
81500/3,Related,0,Islet cell adenomatosis,C25.4
81500/3,Related,0,Nesidioblastoma,C25.4
81500/3,Related,0,"Islet cell tumour, NOS",C25.4
81500/3,Related,0,Islet cell adenocarcinoma,C25.4
81500/3,Related,0,Islet cell carcinoma,C25.4
81501/3,Preferred,1,Oncocytic non-functioning (non-syndromic) pancreatic neuroendocrine tumour,C25.4
81501/3,Synonym,0,"Oncocytic neuroendocrine tumour, non-functioning pancreatic",C25.4
81502/3,Preferred,1,Clear cell non-functioning (non-syndromic) pancreatic neuroendocrine tumour,C25.4
81502/3,Synonym,0,"Clear cell neuroendocrine tumour, non-functioning pancreatic",C25.4
81503/3,Preferred,1,Pleomorphic non-functioning (non-syndromic) pancreatic neuroendocrine tumour,C25.4
81503/3,Synonym,0,"Pleomorphic neuroendocrine tumour, non-functioning pancreatic",C25.4
81504/3,Preferred,1,Cystic non-functioning (non-syndromic) pancreatic neuroendocrine tumour,C25.4
81504/3,Synonym,0,"Cystic neuroendocrine tumour, non-functioning pancreatic",C25.4
81510/3,Preferred,1,Insulinoma,C25.4
81510/3,Synonym,0,"Neuroendocrine tumour, insulin-producing",
81510/3,Synonym,0,Beta cell adenoma,C25.4
81510/3,Synonym,0,Beta cell tumour,C25.4
81510/3,Synonym,0,Insulin-producing tumour,
81520/3,Preferred,1,Glucagonoma,
81520/3,Synonym,0,"Neuroendocrine tumour, glucagon-producing",
81520/3,Synonym,0,Alpha cell tumour,
81520/3,Related,0,Enteroglucagonoma,
81521/3,Preferred,1,L-cell tumour,
81522/3,Preferred,1,Glucagon-like peptide-producing tumour,
81523/3,Preferred,1,Pancreatic peptide and pancreatic peptide-like peptide within terminal tyrosine amide-producing tumour,C25.4
81523/3,Synonym,0,PP/PYY-producing tumour,C25.4
81530/3,Preferred,1,Gastrinoma,
81530/3,Synonym,0,"Neuroendocrine tumour, gastrin-producing",
81530/3,Synonym,0,G-cell tumour,
81530/3,Synonym,0,G-cell NET,
81530/3,Synonym,0,Gastrin-producing G-cell NET,
81530/3,Synonym,0,Gastrin cell tumour,
81540/3,Preferred,1,Mixed neuroendocrine-non-neuroendocrine neoplasm (MiNEN),
81540/3,Synonym,0,Mixed neuroendocrine and non-neuroendocrine carcinoma,
81541/3,Preferred,1,"Mixed pancreatic endocrine and exocrine tumour, malignant",C25._
81541/3,Synonym,0,Mixed islet cell and exocrine adenocarcinoma,C25._
81541/3,Synonym,0,Mixed endocrine and exocrine adenocarcinoma,C25._
81541/3,Synonym,0,Mixed exocrine-endocrine carcinoma,C25._
81542/3,Preferred,1,Mixed acinar-neuroendocrine carcinoma,C25._
81542/3,Synonym,0,Mixed acinar carcinoma-neuroendocrine carcinoma,C25._
81542/3,Synonym,0,Mixed acinar-endocrine carcinoma,C25._
81543/3,Preferred,1,"Carcinoma, mixed acinar-neuroendocrine-ductal",C25._
81543/3,Synonym,0,Mixed acinar-endocrine-ductal carcinoma,C25._
81544/3,Preferred,1,Mixed ductal adenocarcinoma-neuroendocrine carcinoma,C25._
81544/3,Synonym,0,Mixed ductal-neuroendocrine carcinoma,C25._
81544/3,Synonym,0,Mixed ductal-endocrine carcinoma,C25._
81550/3,Preferred,1,VIPoma,
81560/3,Preferred,1,Somatostatinoma,
81560/3,Synonym,0,"Neuroendocrine tumour, somatostatin-producing",
81560/3,Synonym,0,Somatostatin cell tumour,
81560/3,Synonym,0,D-cell NET,
81560/3,Synonym,0,Somatostatin-producing D-cell NET ,
81580/3,Preferred,1,"ACTH-producing tumour, NOS",
81580/3,Related,0,"ACTH-producing tumour, ectopic",
81581/3,Preferred,1,"Neuroendocrine tumour, calcitonin-producing",
81582/3,Preferred,1,"Neuroendocrine tumour, CRH-producing",
81583/3,Preferred,1,"Neuroendocrine tumour, cholecystokinin-producing",
81583/3,Synonym,0,"Neuroendocrine tumour, CCK-producing",
81584/3,Preferred,1,"Neuroendocrine tumour, erythropoietin-producing",
81585/3,Preferred,1,"Neuroendocrine tumour, GHRH-producing",
81585/3,Synonym,0,GHRH-producing tumour,
81586/3,Preferred,1,Ghrelin-producing neuroendocrine tumour,
81587/3,Preferred,1,PTH/PTHrP-producing neuroendocrine tumour,
81588/3,Preferred,1,Vasopressin-producing neuroendocrine tumour,
81589/3,Preferred,1,"Endocrine tumour, functioning, NOS",
81600/0,Preferred,1,Bile duct adenoma,"C22.1, C24._"
81600/0,Synonym,0,Peribiliary gland hamartoma,
81600/0,Synonym,0,Cholangioma,"C22.1, C24._"
81600/3,Preferred,1,"Cholangiocarcinoma, NOS","C22.1, C24._"
81600/3,Synonym,0,Bile duct adenocarcinoma,"C22.1, C24._"
81600/3,Synonym,0,Bile duct carcinoma,"C22.1, C24._"
81600/3,Related,0,Carcinoma of extrahepatic bile ducts,
81601/3,Preferred,1,"Cholangiocarcinoma, large duct",
81602/3,Preferred,1,"Cholangiocarcinoma, small duct",
81610/0,Preferred,1,Bile duct cystadenoma,"C22.1, C24._"
81610/3,Preferred,1,Bile duct cystadenocarcinoma,"C22.1, C24._"
81620/3,Preferred,1,Perihilar cholangiocarcinoma,C24.3
81620/3,Synonym,0,Klatskin tumour,C24.3
81630/0,Preferred,1,"Pancreatobiliary neoplasm, non-invasive",C24.1
81631/0,Preferred,1,Intra-ampullary papillary-tubular neoplasm with low-grade dysplasia,C24.1
81631/0,Synonym,0,"Intra-ampullary papillary-tubular neoplasm, low-grade",C24.1
81631/0,Synonym,0,Non-invasive pancreatobiliary papillary neoplasm with low-grade dysplasia,C24.1
81631/0,Synonym,0,Non-invasive pancreatobiliary papillary neoplasm with low-grade intraepithelial neoplasia,C24.1
81631/2,Preferred,1,Intra-ampullary papillary-tubular neoplasm with high-grade dysplasia,C24.1
81631/2,Synonym,0,"Intra-ampullary papillary-tubular neoplasm, high-grade",C24.1
81631/2,Synonym,0,Non-invasive pancreatobiliary papillary neoplasm with high-grade dysplasia,C24.1
81631/2,Synonym,0,"Papillary neoplasm, pancreatobiliary type, with high-grade intraepithelial neoplasia",C24.1
81631/2,Synonym,0,Non-invasive pancreatobiliary papillary neoplasm with high-grade intraepithelial neoplasia,C24.1
81630/3,Preferred,1,Pancreatobiliary-type carcinoma,C24.1
81630/3,Synonym,0,"Adenocarcinoma, pancreatobiliary type",C24.1
81630/3,Synonym,0,"Tubular adenocarcinoma, pancreatobiliary/gastric type",C24.1
81700/0,Preferred,1,Liver cell adenoma,C22.0
81700/0,Synonym,0,"Hepatocellular adenoma, NOS",C22.0
81700/0,Synonym,0,"Hepatoma, benign",C22.0
81702/0,Preferred,1,"Hepatocellular adenoma, HNF1A-inactivated",C22.0
81703/0,Preferred,1,"Hepatocellular adenoma, inflammatory",C22.0
81704/0,Preferred,1,"Hepatocellular adenoma, β-catenin-activated, NOS",C22.0
81705/0,Preferred,1,"Hepatocellular adenoma, β-catenin-activated inflammatory",C22.0
81700/3,Preferred,1,"Hepatocellular carcinoma, NOS",C22.0
81700/3,Synonym,0,"Hepatoma, NOS",C22.0
81700/3,Synonym,0,Hepatocarcinoma,C22.0
81700/3,Synonym,0,"Hepatoma, malignant",C22.0
81700/3,Synonym,0,Liver cell carcinoma,C22.0
81701/3,Preferred,1,"Hepatocellular carcinoma, conventional",C22.0
81703/3,Preferred,1,"Hepatocellular carcinoma, lymphocyte-rich",C22.0
81706/3,Preferred,1,"Hepatocellular carcinoma, neutrophil-rich",C22.0
81707/3,Preferred,1,"Hepatocellular carcinoma, chromophobe type",C22.0
81708/3,Preferred,1,"Hepatocellular carcinoma, macrotrabecular massive",C22.0
81709/3,Preferred,1,"Hepatocellular carcinoma, steatohepatitic",C22.0
81710/3,Preferred,1,"Hepatocellular carcinoma, fibrolamellar",C22.0
81710/3,Synonym,0,"Carcinoma, fibrolamellar",C22.0
81720/3,Preferred,1,"Hepatocellular carcinoma, scirrhous",C22.0
81720/3,Synonym,0,Sclerosing hepatic carcinoma,C22.0
81730/3,Preferred,1,"Hepatocellular carcinoma, sarcomatoid",C22.0
81730/3,Synonym,0,"Hepatocellular carcinoma, spindle cell variant",C22.0
81740/3,Preferred,1,"Hepatocellular carcinoma, clear cell-type",C22.0
81740/3,Synonym,0,"Hepatocellular carcinoma, clear cell",C22.0
81750/3,Preferred,1,"Hepatocellular carcinoma, pleomorphic type",C22.0
81800/3,Preferred,1,Combined hepatocellular carcinoma and cholangiocarcinoma,C22.0
81800/3,Synonym,0,Combined hepatocellular-cholangiocarcinoma,C22.0
81800/3,Synonym,0,Hepatocholangiocarcinoma,C22.0
81800/3,Synonym,0,Mixed hepatocellular and bile duct carcinoma,C22.0
81800/3,Synonym,0,Mixed hepatocellular-cholangiocarcinoma,
81800/3,Synonym,0,Mixed hepatobiliary carcinoma,
81900/0,Preferred,1,Trabecular adenoma,
81900/3,Preferred,1,Trabecular adenocarcinoma,
81900/3,Synonym,0,Trabecular carcinoma,
81910/0,Preferred,1,Embryonal adenoma,
82000/0,Preferred,1,"Cylindroma, NOS",
82000/0,Related,0,Turban tumour,C44.4
82000/0,Related,0,Eccrine dermal cylindroma,C44._
82001/0,Preferred,1,Cylindrospiradenoma,C44._
82001/0,Synonym,0,Spiradenocylindroma,C44._
82000/3,Preferred,1,"Adenoid cystic carcinoma, NOS",
82000/3,Synonym,0,"Adenocarcinoma, cylindroid",
82000/3,Synonym,0,Adenocystic carcinoma,
82000/3,Related,0,"Bronchial adenoma, cylindroid",C34._
82002/3,Preferred,1,Thymic carcinoma with adenoid cystic carcinoma-like features,C37.9
82003/3,Preferred,1,Classic adenoid cystic carcinoma,
82004/3,Preferred,1,Solid-basaloid adenoid cystic carcinoma,
82005/3,Preferred,1,Adenoid cystic carcinoma with high-grade transformation,
82010/1,Preferred,1,Cribriform tumour,C44._
82010/1,Synonym,0,Primary cutaneous cribriform carcinoma,C44._
82010/2,Preferred,1,Cribriform carcinoma in situ,C50._
82010/2,Related,0,"Ductal carcinoma in situ, cribriform type",C50._
82010/3,Preferred,1,"Cribriform carcinoma, NOS",
82010/3,Related,0,"Ductal carcinoma, cribriform type",C50._
82010/3,Related,0,Cribriform comedo type carcinoma,"C18._, C19.9, C20.9"
82010/3,Synonym,0,"Adenocarcinoma, cribriform comedo type","C18._, C19.9, C20.9"
82011/3,Preferred,1,Cribriform morular thyroid carcinoma,C73.9
82020/0,Preferred,1,Microcystic adenoma,
82040/0,Preferred,1,Lactating adenoma,C50._
82100/0,Preferred,1,"Adenomatous polyp, NOS",
82100/0,Synonym,0,Polypoid adenoma,
82100/0,Related,0,"Ampullary adenoma, NOS",C24.1
82100/0,Related,0,"Non-ampullary adenoma, NOS",C17._
82101/0,Preferred,1,"Adenomatous polyp, low-grade",
82101/0,Related,0,"Ampullary adenoma, low-grade",C24.1
82101/0,Related,0,"Non-ampullary adenoma, low-grade",C17._
82102/0,Preferred,1,"Conventional adenoma, NOS",
82103/0,Preferred,1,"Conventional adenoma, low-grade",
82104/0,Preferred,1,"Foveolar-type adenoma, NOS",
82105/0,Preferred,1,"Foveolar-type adenoma, low-grade",
82101/2,Preferred,1,"Adenomatous polyp, high-grade",
82101/2,Synonym,0,Adenocarcinoma in situ in adenomatous polyp,
82101/2,Synonym,0,"Adenocarcinoma in situ in polyp, NOS",
82101/2,Synonym,0,"Carcinoma in situ in polyp, NOS",
82101/2,Synonym,0,Adenocarcinoma in situ in polypoid adenoma,
82101/2,Synonym,0,Carcinoma in situ in adenomatous polyp,
82101/2,Related,0,"Ampullary adenoma, high-grade",C24.1
82101/2,Related,0,"Non-ampullary adenoma, high-grade",C17._
82103/2,Preferred,1,"Conventional adenoma, high-grade",
82105/2,Preferred,1,"Foveolar-type adenoma, high-grade",
82108/2,Preferred,1,Advanced adenoma,
82100/3,Preferred,1,Adenocarcinoma in adenomatous polyp,
82100/3,Synonym,0,"Adenocarcinoma in polyp, NOS",
82100/3,Synonym,0,"Carcinoma in polyp, NOS",
82100/3,Synonym,0,Adenocarcinoma in polypoid adenoma,
82100/3,Synonym,0,Carcinoma in adenomatous polyp,
82110/0,Preferred,1,"Tubular adenoma, NOS",
82110/0,Related,0,Tubular papillary adenoma,C44._
82110/0,Synonym,0,Tubular apocrine adenoma,C44._
82111/0,Preferred,1,"Tubular adenoma, low-grade",
82111/2,Preferred,1,"Tubular adenoma, high-grade",
82111/2,Synonym,0,Adenocarcinoma in situ in tubular adenoma,
82110/3,Preferred,1,Adenocarcinoma in tubular adenoma,
82112/3,Preferred,1,"Tubular adenocarcinoma, NOS",
82112/3,Synonym,0,Tubular carcinoma,
82113/3,Preferred,1,Tubular adenocarcinoma with mixed features,
82113/3,Synonym,0,Tubular adenocarcinoma with hybrid features,
82120/0,Preferred,1,Flat adenoma,
82130/0,Preferred,1,"Sessile serrated lesion, NOS",C18._
82130/0,Synonym,0,"Serrated adenoma, NOS",C18._
82130/0,Synonym,0,Mixed adenomatous and hyperplastic polyp,C18._
82130/0,Synonym,0,"Sessile serrated adenoma, NOS",C18._
82130/0,Synonym,0,Sessile serrated polyp,C18._
82131/0,Preferred,1,"Traditional serrated adenoma, NOS",C18._
82131/0,Synonym,0,Traditional sessile serrated adenoma,C18._
82132/0,Preferred,1,"Traditional serrated adenoma, low-grade dysplasia",C18._
82133/0,Preferred,1,"Serrated adenoma, unclassified",C18._
82130/2,Preferred,1,Sessile serrated lesion with dysplasia,C18._
82130/2,Synonym,0,Serrated polyp with dysplasia,C18._
82130/2,Synonym,0,Serrated adenoma with dysplasia,C18._
82130/2,Synonym,0,Serrated dysplasia,
82132/2,Preferred,1,"Traditional serrated adenoma, high-grade dysplasia",C18._
82130/3,Preferred,1,Serrated adenocarcinoma,
82140/3,Preferred,1,Parietal cell carcinoma,C16._
82140/3,Synonym,0,Parietal cell adenocarcinoma,C16._
82150/3,Preferred,1,Adenocarcinoma of anal glands,C21.1
82150/3,Synonym,0,Adenocarcinoma of anal ducts,C21.1
82200/0,Preferred,1,Adenomatous polyposis coli,C18._
82200/0,Synonym,0,"Adenomatosis, NOS",
82200/0,Synonym,0,Familial polyposis coli,C18._
82201/0,Preferred,1,Serrated polyposis,C18._
82200/3,Preferred,1,Adenocarcinoma in adenomatous polyposis coli,C18._
82210/0,Preferred,1,Multiple adenomatous polyps,
82210/3,Preferred,1,Adenocarcinoma in multiple adenomatous polyps,
82300/2,Preferred,1,"Ductal carcinoma in situ, solid type",C50._
82300/2,Synonym,0,"Intraductal carcinoma, solid type",
82300/3,Preferred,1,"Solid adenocarcinoma, NOS",
82300/3,Synonym,0,"Solid carcinoma, NOS",
82302/3,Preferred,1,Solid carcinoma with mucin formation,
82302/3,Synonym,0,Solid adenocarcinoma with mucin formation,
82310/3,Preferred,1,Carcinoma simplex,
82400/3,Preferred,1,"Neuroendocrine tumour, NOS",
82400/3,Synonym,0,"Carcinoid tumour, NOS",
82400/3,Synonym,0,"Carcinoid, NOS",
82400/3,Synonym,0,"Neuroendocrine carcinoma, low-grade",
82400/3,Synonym,0,"Endocrine tumour, well-differentiated",
82400/3,Synonym,0,"Neuroendocrine carcinoma, well-differentiated",
82400/3,Synonym,0,"Bronchial adenoma, carcinoid",C34._
82401/3,Preferred,1,"Neuroendocrine tumour, grade 1",
82401/3,Synonym,0,"Typical carcinoid, NOS",
82401/3,Synonym,0,Typical carcinoid tumour,
82402/3,Preferred,1,Middle ear neuroendocrine tumour,C30.1
82410/3,Preferred,1,Serotonin-producing tumour,
82410/3,Synonym,0,Serotonin-producing neuroendocrine tumour,
82410/3,Synonym,0,Serotonin-producing carcinoid,
82410/3,Synonym,0,Serotonin-producing enterochromaffin-cell (EC-cell) NET,
82410/3,Synonym,0,Enterochromaffin-cell neuroendocrine tumour,
82410/3,Synonym,0,Enterochromaffin-cell carcinoid,
82410/3,Synonym,0,Argentaffinoma,
82410/3,Synonym,0,"Carcinoid tumour, argentaffin",
82410/3,Synonym,0,EC-cell neuroendocrine tumour,
82410/3,Synonym,0,EC-cell carcinoid,
82420/3,Preferred,1,Enterochromaffin-like cell tumour,
82420/3,Synonym,0,ECL-cell NET,
82420/3,Synonym,0,ECL-cell carcinoid,
82420/3,Synonym,0,Histamine-producing enterochromaffin-like-cell NET,
82430/3,Preferred,1,Goblet cell adenocarcinoma,
82430/3,Synonym,0,Goblet cell carcinoma,
82430/3,Synonym,0,Goblet cell carcinoid,
82430/3,Synonym,0,Mucinous carcinoid,
82430/3,Synonym,0,Mucocarcinoid tumour,
82440/3,Preferred,1,Mixed adenoneuroendocrine carcinoma,
82440/3,Synonym,0,MANEC,
82440/3,Synonym,0,Adenocarcinoma mixed with neuroendocrine carcinoma,
82441/3,Preferred,1,Combined carcinoid and adenocarcinoma,
82441/3,Synonym,0,Mixed carcinoid and adenocarcinoma,
82441/3,Synonym,0,Mixed carcinoid-adenocarcinoma,
82441/3,Synonym,0,Composite carcinoid-adenocarcinoma,
82441/3,Synonym,0,Composite carcinoid,
82442/3,Preferred,1,Mixed ductal adenocarcinoma-neuroendocrine tumour,C25._
82443/3,Preferred,1,Mixed acinar carcinoma-neuroendocrine tumour,C25._
82450/1,Preferred,1,Tubular carcinoid,
82450/3,Preferred,1,Adenocarcinoid tumour,
82460/3,Preferred,1,"Neuroendocrine carcinoma, NOS",
82460/3,Synonym,0,Poorly differentiated neuroendocrine neoplasm,
82460/3,Synonym,0,Poorly differentiated endocrine carcinoma,
82460/3,Synonym,0,"Neuroendocrine carcinoma, high-grade",
82470/3,Preferred,1,Merkel cell carcinoma,C44._
82470/3,Synonym,0,Merkel cell tumour,C44._
82470/3,Synonym,0,Primary cutaneous neuroendocrine carcinoma,C44._
82480/3,Preferred,1,Apudoma,
82490/3,Preferred,1,"Neuroendocrine tumour, grade 2",
82490/3,Synonym,0,Atypical carcinoid tumour,
82490/3,Synonym,0,Atypical carcinoid,
82490/3,Synonym,0,"Neuroendocrine carcinoma, moderately differentiated",
82491/3,Preferred,1,"Neuroendocrine tumour, grade 3",
82500/0,Preferred,1,Atypical adenomatous hyperplasia,
82500/1,Preferred,1,Pulmonary adenomatosis,C34._
82500/2,Preferred,1,"Adenocarcinoma in situ of lung, non-mucinous",C34._
82500/3,Preferred,1,Lepidic adenocarcinoma,C34._
82500/3,Synonym,0,"Bronchiolo-alveolar adenocarcinoma, NOS",C34._
82500/3,Synonym,0,"Bronchiolo-alveolar carcinoma, NOS",C34._
82500/3,Synonym,0,Alveolar cell carcinoma,C34._
82500/3,Synonym,0,Bronchiolar adenocarcinoma,C34._
82500/3,Synonym,0,Bronchiolar carcinoma,C34._
82510/0,Preferred,1,Alveolar adenoma,C34._
82510/3,Preferred,1,Alveolar adenocarcinoma,C34._
82510/3,Synonym,0,Alveolar carcinoma,
82520/3,Preferred,1,"Adenocarcinoma, non-mucinous",
82520/3,Related,0,"Bronchiolo-alveolar carcinoma, non-mucinous",C34._
82520/3,Synonym,0,"Bronchiolo-alveolar carcinoma, Clara cell, NOS",C34._
82520/3,Synonym,0,"Bronchiolo-alveolar carcinoma, type II pneumocyte, NOS",C34._
82530/2,Preferred,1,"Adenocarcinoma in situ of lung, mucinous",C34._
82530/3,Preferred,1,"Adenocarcinoma of lung, mucinous",C34._
82530/3,Synonym,0,Mucinous carcinoma of lung,C34._
82530/3,Synonym,0,"Bronchiolo-alveolar carcinoma, mucinous",C34._
82530/3,Synonym,0,"Bronchiolo-alveolar carcinoma, goblet cell type",C34._
82540/3,Preferred,1,"Adenocarcinoma of lung, mixed mucinous and non-mucinous",C34._
82540/3,Synonym,0,"Bronchiolo-alveolar carcinoma, mixed mucinous and non-mucinous",C34._
82540/3,Synonym,0,"Bronchiolo-alveolar carcinoma, Clara cell and goblet cell type",C34._
82540/3,Synonym,0,"Bronchiolo-alveolar carcinoma, indeterminate type",C34._
82540/3,Synonym,0,"Bronchiolo-alveolar carcinoma, type II pneumocyte and goblet cell type",C34._
82550/3,Preferred,1,Adenocarcinoma with mixed subtypes,
82550/3,Synonym,0,"Adenocarcinoma, mixed pattern",
82550/3,Synonym,0,"Adenocarcinoma, mixed, NOS",
82560/3,Preferred,1,"Minimally invasive adenocarcinoma, non-mucinous",C34._
82570/3,Preferred,1,"Minimally invasive adenocarcinoma, mucinous",C34._
82600/0,Preferred,1,"Papillary adenoma, NOS",
82600/0,Related,0,Glandular papilloma,
82600/0,Related,0,Renal papillary adenoma,C64.9
82600/0,Synonym,0,Renal tubulopapillary adenoma,C64.9
82600/3,Preferred,1,"Papillary adenocarcinoma, NOS",
82601/3,Preferred,1,Low-grade papillary adenocarcinoma,C37.9
82601/3,Related,0,Middle ear adenocarcinoma,C30.1
82601/3,Synonym,0,Aggressive papillary tumour,
82601/3,Synonym,0,Papillary adenocarcinoma of middle ear,
82602/3,Preferred,1,Papillary renal cell carcinoma,C64.9
82603/3,Preferred,1,"Papillary thyroid carcinoma, NOS",C73.9
82603/3,Synonym,0,"Papillary carcinoma of thyroid, NOS",C73.9
82604/3,Preferred,1,"Papillary thyroid carcinoma, classic, NOS",C73.9
82605/3,Preferred,1,Hobnail papillary thyroid carcinoma,C73.9
82606/3,Preferred,1,Solid/trabecular papillary thyroid carcinoma,C73.9
82607/3,Preferred,1,Warthin-like papillary thyroid carcinoma,C73.9
82608/3,Preferred,1,Clear cell papillary thyroid carcinoma,C73.9
82609/3,Preferred,1,Spindle cell papillary thyroid carcinoma,C73.9
8260A/3,Preferred,1,Papillary thyroid carcinoma with fibromatosis/fasciitis-like/desmoid-type stroma,C73.9
82610/0,Preferred,1,"Villous adenoma, NOS",
82610/0,Synonym,0,Villous papilloma,
82611/0,Preferred,1,"Villous adenoma, low-grade",
82611/2,Preferred,1,"Villous adenoma, high-grade",
82611/2,Synonym,0,Adenocarcinoma in situ in villous adenoma,
82610/3,Preferred,1,Adenocarcinoma in villous adenoma,
82620/3,Preferred,1,Villous adenocarcinoma,
82620/3,Synonym,0,Adenoma-like adenocarcinoma,
82630/0,Preferred,1,"Tubulovillous adenoma, NOS",
82630/0,Synonym,0,Villoglandular adenoma,
82631/0,Preferred,1,Papillotubular adenoma,
82631/0,Synonym,0,Tubulo-papillary adenoma,
82632/0,Preferred,1,"Tubulovillous adenoma, low-grade",
82632/2,Preferred,1,"Tubulovillous adenoma, high-grade",
82632/2,Synonym,0,Adenocarcinoma in situ in tubulovillous adenoma,
82630/3,Preferred,1,Adenocarcinoma in tubulovillous adenoma,
82633/3,Preferred,1,Villoglandular carcinoma,
82633/3,Related,0,Villoglandular variant of endometrioid adenocarcinoma,C54.1
82634/3,Preferred,1,Papillotubular adenocarcinoma,
82634/3,Synonym,0,Tubulopapillary adenocarcinoma,
82640/0,Preferred,1,"Papillomatosis, glandular",
82641/0,Preferred,1,Biliary papillomatosis,"C22.1, C24.0"
82650/3,Preferred,1,"Micropapillary carcinoma, NOS","C18._, C19.9, C20.9, C34._"
82651/3,Preferred,1,Micropapillary adenocarcinoma,"C18._, C19.9, C20.9, C34._"
82651/3,Related,0,Micropapillary salivary duct carcinoma,"C07.9, C08._"
82700/0,Preferred,1,"Chromophobe adenoma, NOS",
82700/3,Preferred,1,"Chromophobe carcinoma, NOS",C75.1
82700/3,Synonym,0,Chromophobe adenocarcinoma,C75.1
82701/3,Preferred,1,Chromophobe adenoma of pituitary,C75.1
82710/3,Preferred,1,Lactotroph PitNET/adenoma,C75.1
82710/3,Synonym,0,Lactotroph tumour,C75.1
82710/3,Synonym,0,Lactotroph adenoma,C75.1
82710/3,Synonym,0,Prolactinoma,C75.1
82711/3,Preferred,1,Densely granulated lactotroph tumour,C75.1
82712/3,Preferred,1,Sparsely granulated lactotroph tumour,C75.1
82720/3,Preferred,1,Pituitary adenoma/pituitary neuroendocrine tumour (PitNET),C75.1
82720/3,Synonym,0,"PitNET, NOS",C75.1
82720/3,Synonym,0,"Pituitary adenoma, NOS",C75.1
82720/3,Related,0,"Pituitary adenoma, ectopic",
82721/3,Preferred,1,Corticotroph PitNET/adenoma,C75.1
82721/3,Synonym,0,"Corticotroph adenoma, NOS",C75.1
82721/3,Synonym,0,Corticotroph tumour,C75.1
82722/3,Preferred,1,Densely granulated corticotroph tumour,C75.1
82723/3,Preferred,1,Sparsely granulated corticotroph tumour,C75.1
82724/3,Preferred,1,Null cell PitNET/adenoma,C75.1
82724/3,Synonym,0,Null cell adenoma,C75.1
82724/3,Synonym,0,Null cell tumour,C75.1
82724/3,Synonym,0,Pituitary transcription factor and hormone-immunonegative PitNET/adenoma,C75.1
82725/3,Preferred,1,Plurihormonal PitNET/adenoma,C75.1
82725/3,Synonym,0,Plurihormonal adenoma,C75.1
82726/3,Preferred,1,Gonadotroph PitNET/adenoma,C75.1
82726/3,Synonym,0,Gonadotroph adenoma,C75.1
82726/3,Synonym,0,Gonadotroph tumour,C75.1
82726/3,Synonym,0,Gonadotropin-producing tumour,C75.1
82727/3,Preferred,1,Somatotroph PitNET/adenoma,C75.1
82727/3,Synonym,0,Somatotroph adenoma,C75.1
82727/3,Synonym,0,Somatotroph tumour,C75.1
82727/3,Synonym,0,GH-producing tumour,
82727/3,Synonym,0,Growth hormone-producing tumour,
82728/3,Preferred,1,Densely granulated somatotroph tumour,C75.1
82729/3,Preferred,1,Sparsely granulated somatotroph tumour,C75.1
8272A/3,Preferred,1,Thyrotroph PitNET/adenoma,C75.1
8272A/3,Synonym,0,Thyrotroph adenoma,C75.1
8272A/3,Synonym,0,Thyrotroph tumour,C75.1
8272B/3,Preferred,1,Mature plurihormonal PIT1-lineage PitNET/adenoma,C75.1
8272B/3,Synonym,0,Mature plurihormonal PIT1-lineage adenoma,C75.1
8272B/3,Synonym,0,Mature plurihormonal PIT1-lineage tumour,C75.1
8272B/3,Synonym,0,Mature plurihormonal PIT1-positive tumour,C75.1
8272B/3,Synonym,0,Mature plurihormonal PIT1-lineage neuroendocrine tumour,C75.1
8272B/3,Synonym,0,Mature PIT1-lineage tumour,C75.1
8272C/3,Preferred,1,Immature PIT1-lineage PitNET/adenoma,C75.1
8272C/3,Synonym,0,Immature PIT1-lineage tumour,C75.1
8272C/3,Synonym,0,Immature PIT1-positive tumour,
8272D/3,Preferred,1,Crooke cell tumour,C75.1
8272E/3,Preferred,1,"Plurihormal PitNET/adenoma, NOS",C75.1
8272E/3,Synonym,0,Unclassified plurihormonal tumour,
8272E/3,Synonym,0,Unusual plurihormonal tumour/adenoma,
8272F/3,Preferred,1,Metastatic PitNET,C75.1
8272F/3,Synonym,0,"PitNET, malignant/pituitary carcinoma, NOS",C75.1
8272F/3,Synonym,0,"Pituitary carcinoma, NOS",C75.1
82730/3,Preferred,1,Pituitary blastoma,C75.1
82730/3,Synonym,0,Pituitary embryoma,
82800/3,Preferred,1,Acidophil adenoma,C75.1
82800/3,Synonym,0,Eosinophil adenoma,C75.1
82801/3,Preferred,1,Acidophil carcinoma,C75.1
82801/3,Synonym,0,Acidophil adenocarcinoma,C75.1
82801/3,Synonym,0,Eosinophil adenocarcinoma,C75.1
82801/3,Synonym,0,Eosinophil carcinoma,C75.1
82802/3,Preferred,1,Acidophil stem cell PitNET/adenoma,C75.1
82802/3,Synonym,0,Acidophil stem cell tumour,C75.1
82803/3,Preferred,1,Mammosomatotroph PitNET/adenoma,C75.1
82803/3,Synonym,0,Mammosomatotroph tumour,C75.1
82804/3,Preferred,1,Mixed somatotroph-lactotroph PitNET/adenoma,C75.1
82804/3,Synonym,0,Mixed somatotroph-lactotroph tumour,C75.1
82805/3,Preferred,1,Densely granulated somatotroph and sparsely granulated lactotroph PitNET/adenoma,C75.1
82805/3,Synonym,0,Densely granulated somatotroph and sparsely granulated lactotroph tumour,C75.1
82806/3,Preferred,1,Sparsely granulated somatotroph and sparsely granulated lactotroph PitNET/adenoma,C75.1
82806/3,Synonym,0,Sparsely granulated somatotroph and sparsely granulated lactotroph tumour,C75.1
82810/3,Preferred,1,Mixed acidophil-basophil adenoma,C75.1
82811/3,Preferred,1,Mixed acidophil-basophil carcinoma,C75.1
82900/0,Preferred,1,Oncocytic adenoma,
82900/0,Synonym,0,"Oncocytoma, NOS",
82900/0,Synonym,0,Oxyphilic adenoma,
82900/0,Related,0,"Follicular adenoma, oxyphilic cell",C73.9
82900/0,Synonym,0,Hürthle cell adenoma,C73.9
82900/0,Synonym,0,Hürthle cell tumour,C73.9
82901/0,Preferred,1,"Spindle cell oncocytoma, NOS",C75.1
82901/0,Synonym,0,Oncocytic pituicytoma,C75.1
82901/0,Synonym,0,Spindle cell oncocytoma of adenohypophysis,C75.1
82901/0,Synonym,0,Pituicytoma with oncocytic features,C75.1
82902/0,Preferred,1,Oncocytic papillary cystadenoma,
82903/0,Preferred,1,"Oncocytoma, clear cell",
82900/1,Preferred,1,Oncocytic tumour of uncertain malignant potential,
82900/3,Preferred,1,Oncocytic carcinoma,
82900/3,Synonym,0,Oxyphilic adenocarcinoma,
82900/3,Synonym,0,Oncocytic adenocarcinoma,
82900/3,Related,0,Hürthle cell carcinoma,C73.9
82900/3,Synonym,0,Hürthle cell adenocarcinoma,C73.9
82900/3,Synonym,0,"Follicular carcinoma, Hürthle cell type",C73.9
82900/3,Synonym,0,"Follicular carcinoma, oxyphilic cell",C73.9
82900/3,Synonym,0,"Follicular carcinoma, oncocytic type",C73.9
82904/3,Preferred,1,Oncocytic salivary duct carcinoma,"C07.9, C08._"
82905/3,Preferred,1,Minimally invasive oncocytic carcinoma,C73.9
82906/3,Preferred,1,Encapsulated angioinvasive oncocytic carcinoma,C73.9
82907/3,Preferred,1,Widely invasive oncocytic carcinoma,C73.9
83000/3,Preferred,1,Basophil adenoma,C75.1
83000/3,Synonym,0,Mucoid cell adenoma,C75.1
83001/3,Preferred,1,Basophil carcinoma,C75.1
83001/3,Synonym,0,Basophil adenocarcinoma,C75.1
83001/3,Synonym,0,Mucoid cell adenocarcinoma,C75.1
83100/0,Preferred,1,Clear cell adenoma,
83100/3,Preferred,1,"Clear cell adenocarcinoma, NOS",
83100/3,Synonym,0,"Clear cell carcinoma, NOS",
83101/3,Preferred,1,"Clear cell renal cell carcinoma, NOS",C64.9
83102/3,Preferred,1,Hyalinizing clear cell carcinoma,
83103/3,Preferred,1,"Adenocarcinoma, HPV-independent, clear cell type",
83103/3,Synonym,0,"Clear cell adenocarcinoma, mesonephroid",
83110/1,Preferred,1,Hypernephroid tumour,
83110/3,Preferred,1,Fumarate hydratase-deficient renal cell carcinoma,C64.9
83110/3,Related,0,Hereditary leiomyomatosis and renal cell carcinoma (HLRCC) syndrome-associated renal cell carcinoma,C64.9
83111/3,Preferred,1,Renal cell carcinoma with MiT translocations,C64.9
83111/3,Synonym,0,MiT family translocation carcinoma,C64.9
83112/3,Preferred,1,Succinate dehydrogenase-deficient renal cell carcinoma,C64.9
83113/3,Preferred,1,ALK-rearranged renal cell carcinoma,C64.9
83114/3,Preferred,1,Eosinophilic solid and cystic renal cell carcinoma,C64.9
83115/3,Preferred,1,TFE3-rearranged renal cell carcinoma,C64.9
83115/3,Synonym,0,Xp11 translocation renal cell carcinoma,C64.9
83116/3,Preferred,1,TFEB-rearranged renal cell carcinoma,C64.9
83116/3,Synonym,0,TFEB-altered renal cell carcinoma,
83116/3,Synonym,0,t(6;11) renal cell carcinoma,C64.9
83117/3,Preferred,1,ELOC (formerly TCEB1)-mutated renal cell carcinoma,C64.9
83120/3,Preferred,1,"Renal cell carcinoma, NOS",C64.9
83120/3,Synonym,0,Renal cell adenocarcinoma,C64.9
83120/3,Synonym,0,Grawitz tumour,C64.9
83120/3,Synonym,0,Hypernephroma,C64.9
83121/3,Preferred,1,"Renal cell carcinoma, unclassified",C64.9
83121/3,Synonym,0,"Renal cell carcinoma, not elsewhere classified",C64.9
83130/0,Preferred,1,"Clear cell adenofibroma, NOS",C56.9
83130/0,Synonym,0,"Clear cell cystadenofibroma, NOS",C56.9
83130/1,Preferred,1,Clear cell borderline tumour,C56.9
83130/1,Synonym,0,"Clear cell tumour, atypical proliferative",C56.9
83130/1,Synonym,0,Clear cell cystic tumour of borderline malignancy,C56.9
83130/1,Synonym,0,Clear cell adenofibroma of borderline malignancy,C56.9
83130/1,Synonym,0,Clear cell cystadenofibroma of borderline malignancy,C56.9
83130/3,Preferred,1,Clear cell adenocarcinofibroma,C56.9
83130/3,Synonym,0,Clear cell cystadenocarcinofibroma,C56.9
83140/3,Preferred,1,Lipid-rich carcinoma,C50._
83150/3,Preferred,1,Glycogen-rich carcinoma,
83150/3,Synonym,0,Glycogen-rich clear cell carcinoma,
83160/1,Preferred,1,Multilocular cystic renal neoplasm of low malignant potential,C64.9
83160/3,Preferred,1,Acquired cystic disease-associated renal cell carcinoma,C64.9
83160/3,Synonym,0,Cyst-associated renal cell carcinoma,C64.9
83161/3,Preferred,1,Tubulocystic renal cell carcinoma,C64.9
83170/1,Preferred,1,Hybrid oncocytic chromophobe tumour,C64.9
83171/1,Preferred,1,Low-grade oncocytic tumour (LOT),C64.9
83172/1,Preferred,1,Eosinophilic vacuolated tumour ,C64.9
83170/3,Preferred,1,Chromophobe renal cell carcinoma,C64.9
83170/3,Synonym,0,"Renal cell carcinoma, chromophobe type",C64.9
83170/3,Synonym,0,Chromophobe carcinoma of kidney,C64.9
83170/3,Synonym,0,Chromophobe cell renal carcinoma,C64.9
83180/3,Preferred,1,"Renal cell carcinoma, sarcomatoid",C64.9
83180/3,Synonym,0,"Renal cell carcinoma, spindle cell",C64.9
83190/3,Preferred,1,Collecting duct carcinoma,C64.9
83190/3,Synonym,0,Bellini duct carcinoma,C64.9
83190/3,Synonym,0,"Renal carcinoma, collecting duct type",C64.9
83200/3,Preferred,1,Granular cell carcinoma,
83200/3,Synonym,0,Granular cell adenocarcinoma,
83210/0,Preferred,1,Chief cell adenoma,C75.0
83220/0,Preferred,1,Water-clear cell adenoma,C75.0
83220/3,Preferred,1,Water-clear cell adenocarcinoma,C75.0
83220/3,Synonym,0,Water-clear cell carcinoma,C75.0
83230/0,Preferred,1,Mixed cell adenoma,
83230/1,Preferred,1,Clear cell papillary renal cell tumour,C64.9
83230/1,Synonym,0,Clear cell papillary renal cell carcinoma,C64.9
83230/3,Preferred,1,Mixed cell adenocarcinoma,
83240/0,Preferred,1,Parathyroid lipoadenoma,C75.0
83240/0,Synonym,0,"Lipoadenoma, NOS",
83240/0,Synonym,0,Adenolipoma,
83250/0,Preferred,1,Metanephric adenoma,C64.9
83300/0,Preferred,1,"Follicular adenoma, NOS",C73.9
83301/0,Preferred,1,Follicular adenoma with papillary architecture,C73.9
83301/0,Synonym,0,Hyperfunctioning follicular adenoma,C73.9
83301/0,Synonym,0,Hyperfunctioning thyroid adenoma,C73.9
83301/0,Synonym,0,Toxic thyroid adenoma,C73.9
83300/1,Preferred,1,Atypical follicular adenoma,C73.9
83300/3,Preferred,1,"Follicular carcinoma, NOS",C73.9
83300/3,Synonym,0,"Follicular adenocarcinoma, NOS",C73.9
83302/3,Preferred,1,"Follicular carcinoma, widely invasive",C73.9
83310/3,Preferred,1,"Follicular adenocarcinoma, well-differentiated",C73.9
83310/3,Synonym,0,"Follicular carcinoma, well-differentiated",C73.9
83320/3,Preferred,1,"Follicular adenocarcinoma, trabecular",C73.9
83320/3,Synonym,0,"Follicular carcinoma, trabecular",C73.9
83321/3,Preferred,1,"Follicular adenocarcinoma, moderately differentiated",C73.9
83321/3,Synonym,0,"Follicular carcinoma, moderately differentiated",C73.9
83330/0,Preferred,1,"Microfollicular adenoma, NOS",C73.9
83330/0,Synonym,0,Fetal adenoma,C73.9
83330/3,Preferred,1,Fetal adenocarcinoma,
83340/0,Preferred,1,Macrofollicular adenoma,C73.9
83340/0,Synonym,0,Colloid adenoma,C73.9
83350/1,Preferred,1,Follicular tumour of uncertain malignant potential,C73.9
83350/3,Preferred,1,"Follicular carcinoma, minimally invasive",C73.9
83360/1,Preferred,1,"Hyalinizing trabecular tumour, NOS",C73.9
83360/1,Synonym,0,Hyalinizing trabecular adenoma,C73.9
83360/1,Synonym,0,Hyalinizing trabecular neoplasm,C73.9
83360/3,Preferred,1,"Hyalinizing trabecular tumour, malignant",C73.9
83370/3,Preferred,1,High-grade follicular cell-derived non-anaplastic carcinoma,C73.9
83370/3,Synonym,0,"Follicular-derived carcinoma, non-anaplastic high-grade",C73.9
83371/3,Preferred,1,Poorly differentiated thyroid carcinoma,C73.9
83371/3,Synonym,0,Insular carcinoma,C73.9
83372/3,Preferred,1,High-grade differentiated thyroid carcinoma,C73.9
83372/3,Synonym,0,"Papillary thyroid carcinoma, high-grade",C73.9
83372/3,Synonym,0,"Follicular thyroid carcinoma, high-grade",C73.9
83372/3,Synonym,0,"Oncocytic follicular thyroid carcinoma, high-grade",C73.9
83390/3,Preferred,1,Encapsulated angioinvasive follicular thyroid carcinoma,C73.9
83390/3,Synonym,0,"Follicular carcinoma, encapsulated, angioinvasive",C73.9
83400/3,Preferred,1,"Papillary carcinoma, follicular variant, NOS",C73.9
83400/3,Synonym,0,"Papillary adenocarcinoma, follicular variant, NOS",C73.9
83401/3,Preferred,1,Papillary and follicular adenocarcinoma,C73.9
83401/3,Synonym,0,Papillary and follicular carcinoma,C73.9
83402/3,Preferred,1,"Invasive encapsulated follicular variant of papillary carcinoma, NOS",C73.9
83402/3,Synonym,0,Invasive encapsulated follicular subtype of papillary thyroid carcinoma,C73.9
83403/3,Preferred,1,Minimally invasive encapsulated follicular variant of papillary carcinoma,C73.9
83404/3,Preferred,1,Encapsulated angioinvasive follicular variant of papillary carcinoma,C73.9
83405/3,Preferred,1,Widely invasive follicular variant of papillary carcinoma,C73.9
83406/3,Preferred,1,Infiltrative follicular variant of papillary thyroid carcinoma,C73.9
83406/3,Synonym,0,Infiltrative follicular subtype of papillary thyroid carcinoma,C73.9
83410/3,Preferred,1,Papillary thyroid microcarcinoma,C73.9
83410/3,Synonym,0,Micropapillary carcinoma of thyroid,C73.9
83420/3,Preferred,1,"Papillary carcinoma, oncocytic",C73.9
83420/3,Synonym,0,"Papillary carcinoma, oxyphilic cell",C73.9
83430/3,Preferred,1,Encapsulated classic papillary thyroid carcinoma,C73.9
83430/3,Synonym,0,"Papillary carcinoma, encapsulated, of thyroid",C73.9
83440/3,Preferred,1,"Papillary carcinoma, tall cell",C73.9
83441/3,Preferred,1,"Papillary carcinoma, columnar cell",C73.9
83450/3,Preferred,1,Medullary thyroid carcinoma,C73.9
83450/3,Synonym,0,C-cell carcinoma,C73.9
83450/3,Synonym,0,Parafollicular cell carcinoma,C73.9
83450/3,Synonym,0,Medullary carcinoma with amyloid stroma,C73.9
83451/3,Preferred,1,Medullary microcarcinoma of thyroid gland,C73.9
83460/3,Preferred,1,Mixed medullary-follicular carcinoma,C73.9
83461/3,Preferred,1,Mixed medullary and oncocytic carcinoma,C73.9
83462/3,Preferred,1,Mixed medullary and poorly differentiated carcinoma,C73.9
83463/3,Preferred,1,Mixed medullary and anaplastic carcinoma,C73.9
83464/3,Preferred,1,Mixed medullary and high-grade differentiated carcinoma,C73.9
83470/3,Preferred,1,Mixed medullary-papillary carcinoma,C73.9
83480/1,Preferred,1,Well-differentiated tumour of uncertain malignant potential,C73.9
83490/1,Preferred,1,"Non-invasive follicular thyroid neoplasm with papillary-like nuclear features (NIFTP), NOS",C73.9
83491/1,Preferred,1,Subcentimetre non-invasive follicular thyroid neoplasm with papillary-like nuclear features,C73.9
83492/1,Preferred,1,Oncocytic non-invasive follicular thyroid neoplasm with papillary-like nuclear features,C73.9
83500/3,Preferred,1,"Papillary carcinoma, diffuse sclerosing",C73.9
83500/3,Synonym,0,Nonencapsulated sclerosing carcinoma,C73.9
83500/3,Synonym,0,Nonencapsulated sclerosing adenocarcinoma,C73.9
83500/3,Synonym,0,Nonencapsulated sclerosing tumour,C73.9
83600/1,Preferred,1,Multiple endocrine adenomas,
83600/1,Synonym,0,Endocrine adenomatosis,
83610/0,Preferred,1,"Juxtaglomerular cell tumour, NOS",C64.9
83610/0,Synonym,0,"Juxtaglomerular tumour, NOS",C64.9
83610/0,Synonym,0,Reninoma,C64.9
83611/0,Preferred,1,"Juxtaglomerular cell tumour, functioning",C64.9
83612/0,Preferred,1,"Juxtaglomerular cell tumour, non-functioning",C64.9
83700/0,Preferred,1,"Adrenal cortical adenoma, NOS",C74.0
83700/0,Synonym,0,"Adrenal cortical tumour, NOS",C74.0
83700/0,Synonym,0,"Adrenal cortical tumour, benign",C74.0
83700/3,Preferred,1,"Adrenal cortical carcinoma, NOS",C74.0
83700/3,Synonym,0,"Adrenocortical carcinoma, NOS",C74.0
83700/3,Synonym,0,Adrenal cortical adenocarcinoma,C74.0
83700/3,Synonym,0,"Adrenal cortical tumour, malignant",C74.0
83701/3,Preferred,1,"Adrenal cortical carcinoma, conventional",C74.0
83702/3,Preferred,1,"Adrenal cortical carcinoma, oncocytic",C74.0
83703/3,Preferred,1,Myxoid adrenal cortical carcinoma,C74.0
83704/3,Preferred,1,Sarcomatoid adrenal cortical carcinoma,C74.0
83710/0,Preferred,1,"Adrenal cortical adenoma, compact cell",C74.0
83720/0,Preferred,1,"Adrenal cortical adenoma, pigmented",C74.0
83720/0,Synonym,0,Black adenoma,C74.0
83720/0,Synonym,0,Pigmented adenoma,C74.0
83730/0,Preferred,1,"Adrenal cortical adenoma, clear cell",C74.0
83740/0,Preferred,1,"Adrenal cortical adenoma, glomerulosa cell",C74.0
83750/0,Preferred,1,"Adrenal cortical adenoma, mixed cell",C74.0
83800/0,Preferred,1,"Endometrioid adenoma, NOS",
83800/0,Synonym,0,"Endometrioid cystadenoma, NOS",
83800/1,Preferred,1,Endometrioid borderline tumour,
83800/1,Synonym,0,"Endometrioid adenoma, borderline malignancy",
83800/1,Synonym,0,"Endometrioid tumour, borderline",
83800/1,Synonym,0,Atypical proliferative endometrioid tumour,
83800/1,Synonym,0,"Endometrioid cystadenoma, borderline malignancy",
83800/1,Synonym,0,Endometrioid tumour of low malignant potential,
83800/2,Preferred,1,Endometrial atypical hyperplasia/endometrioid intraepithelial neoplasia,
83800/2,Synonym,0,Endometrioid intraepithelial neoplasia,C54.1
83800/2,Synonym,0,Atypical hyperplasia of endometrium,C54.1
83800/3,Preferred,1,"Endometrioid adenocarcinoma, NOS",
83800/3,Synonym,0,"Endometrioid carcinoma, NOS",
83800/3,Related,0,Endometrioid cystadenocarcinoma,C56.9
83801/3,Preferred,1,POLE-ultramutated endometrioid carcinoma (POLEmut),
83802/3,Preferred,1,Mismatch repair-deficient (MMRd) endometrioid carcinoma,
83803/3,Preferred,1,p53-mutant endometrioid carcinoma (p53abn),
83803/3,Synonym,0,TP53-mutant endometrioid carcinoma,
83804/3,Preferred,1,No specific molecular profile (NSMP) endometrioid carcinoma,
83810/0,Preferred,1,"Endometrioid adenofibroma, NOS",
83810/0,Synonym,0,"Endometrioid cystadenofibroma, NOS",
83810/1,Preferred,1,"Endometrioid adenofibroma, borderline malignancy",
83810/1,Synonym,0,"Endometrioid cystadenofibroma, borderline malignancy",
83810/3,Preferred,1,"Endometrioid adenofibroma, malignant",
83810/3,Synonym,0,"Endometrioid cystadenofibroma, malignant",
83820/3,Preferred,1,"Endometrioid adenocarcinoma, secretory variant",
83830/3,Preferred,1,"Endometrioid adenocarcinoma, ciliated cell variant",
83840/3,Preferred,1,"Adenocarcinoma, endocervical type, NOS",
83900/0,Preferred,1,Skin appendage adenoma,C44._
83900/0,Synonym,0,"Adnexal tumour, benign",C44._
83900/0,Synonym,0,"Skin appendage tumour, benign",C44._
83900/3,Preferred,1,"Adnexal adenocarcinoma, NOS",C44._
83900/3,Synonym,0,Skin appendage carcinoma,C44._
83900/3,Synonym,0,Adnexal carcinoma,C44._
83901/3,Preferred,1,Sweat duct carcinoma,C44._
83902/3,Preferred,1,"Eccrine carcinoma, NOS",C44._
83903/3,Preferred,1,High-grade eccrine syringomatous carcinoma,C44._
83910/0,Preferred,1,Fibrofolliculoma,C44._
83910/0,Synonym,0,Follicular fibroma,C44._
83910/0,Synonym,0,Perifollicular fibroma,C44._
83911/0,Preferred,1,Trichodiscoma,C44._
83911/0,Synonym,0,Spindle cell predominant trichodiscoma,C44._
83912/0,Preferred,1,Trichoadenoma,C44._
83920/0,Preferred,1,Syringofibroadenoma,C44._
83920/0,Synonym,0,Eccrine syringofibroadenomatous hyperplasia,C44._
84000/0,Preferred,1,Sweat gland adenoma,C44._
84000/0,Synonym,0,"Syringadenoma, NOS",C44._
84000/0,Synonym,0,"Sweat gland tumour, benign",C44._
84000/1,Preferred,1,"Sweat gland tumour, NOS",C44._
84000/3,Preferred,1,Sweat gland adenocarcinoma,C44._
84000/3,Synonym,0,Sweat gland carcinoma,C44._
84000/3,Synonym,0,Carcinoma of sweat gland origin,
84000/3,Synonym,0,"Sweat gland tumour, malignant",C44._
84010/0,Preferred,1,Apocrine adenoma,C44.1
84010/0,Synonym,0,Apocrine cystadenoma,
84010/3,Preferred,1,Apocrine carcinoma,
84010/3,Synonym,0,Apocrine adenocarcinoma,
84010/3,Synonym,0,Apocrine gland carcinoma,
84010/3,Synonym,0,Carcinoma with apocrine differentiation,
84020/0,Preferred,1,"Hidradenoma, NOS",C44._
84020/0,Synonym,0,Eccrine acrospiroma,C44._
84020/0,Synonym,0,"Nodular hidradenoma, NOS",C44._
84020/0,Synonym,0,Clear cell hidradenoma,C44._
84020/0,Synonym,0,Solid cystic hidradenoma,C44._
84020/3,Preferred,1,Hidradenocarcinoma,C44._
84020/3,Synonym,0,"Nodular hidradenoma, malignant",C44._
84030/0,Preferred,1,"Spiradenoma, NOS",C44._
84030/0,Synonym,0,Eccrine spiradenoma,C44._
84030/3,Preferred,1,Malignant neoplasm arising from pre-existing spiradenoma,C44._
84030/3,Synonym,0,Spiradenocarcinoma,C44._
84030/3,Synonym,0,Carcinoma ex spiradenoma,C44._
84030/3,Synonym,0,Malignant eccrine spiradenoma,C44._
84031/3,Preferred,1,Malignant neoplasm arising from pre-existing cylindroma,C44._
84031/3,Synonym,0,Cylindrocarcinoma,C44._
84031/3,Synonym,0,Carcinoma ex cylindroma,C44._
84032/3,Preferred,1,Malignant neoplasm arising from pre-existing spiradenocylindroma,C44._
84032/3,Synonym,0,Spiradenocylindrocarcinoma,C44._
84032/3,Synonym,0,Carcinoma ex spiradenocylindroma,C44._
84040/0,Preferred,1,"Hidrocystoma, NOS",C44._
84040/0,Synonym,0,Hidrocystadenoma,C44._
84040/0,Related,0,"Hidrocystoma, ductal",C44.1
84041/0,Preferred,1,Eccrine cystadenoma,C44._
84042/0,Preferred,1,Eccrine hidrocystoma,C44._
84043/0,Preferred,1,Apocrine hidrocystoma,C44._
84050/0,Preferred,1,Papillary hidradenoma,
84050/0,Synonym,0,Hidradenoma papilliferum,
84060/0,Preferred,1,"Syringocystadenoma papilliferum, NOS",C44._
84060/0,Synonym,0,Papillary syringadenoma,C44._
84060/0,Synonym,0,Papillary syringocystadenoma,C44._
84061/0,Preferred,1,Sialadenoma papilliferum,
84060/3,Preferred,1,Syringocystadenocarcinoma papilliferum,
84070/0,Preferred,1,"Syringoma, NOS",C44._
84071/0,Preferred,1,"Syringomatous tumour, NOS",C50.0
84071/0,Synonym,0,Syringomatous tumour of nipple,C50.0
84071/0,Synonym,0,Syringomatous adenoma of nipple,C50.0
84071/0,Synonym,0,Infiltrating syringomatous adenoma of nipple,C50.0
84070/3,Preferred,1,Microcystic adnexal carcinoma,C44._
84070/3,Synonym,0,Sclerosing sweat duct carcinoma,C44._
84070/3,Synonym,0,Sclerosing sweat duct-like carcinoma,
84070/3,Synonym,0,Syringomatous carcinoma,C44._
84070/3,Synonym,0,Syringomatous adenocarcinoma,
84070/3,Synonym,0,Sclerosing microcystic adenocarcinoma,
84080/0,Preferred,1,Eccrine papillary adenoma,C44._
84080/3,Preferred,1,Digital papillary adenocarcinoma,C44._
84080/3,Synonym,0,Aggressive digital papillary adenoma,C44._
84080/3,Synonym,0,Digital papillary carcinoma,
84080/3,Synonym,0,Eccrine papillary adenocarcinoma,C44._
84090/0,Preferred,1,"Poroma, NOS",C44._
84091/0,Preferred,1,"Eccrine poroma, NOS",
84092/0,Preferred,1,Apocrine poroma,
84090/2,Preferred,1,Porocarcinoma in situ,
84090/3,Preferred,1,"Porocarcinoma, NOS",C44._
84090/3,Synonym,0,"Eccrine poroma, malignant",C44._
84100/0,Preferred,1,Sebaceoma,C44._
84100/0,Synonym,0,Sebaceous epithelioma,C44._
84101/0,Preferred,1,Sebaceous adenoma,C44._
84100/3,Preferred,1,Sebaceous carcinoma,C44._
84100/3,Synonym,0,Sebaceous adenocarcinoma,C44._
84100/3,Related,0,"Meibomian gland carcinoma, periocular",C44.1
84130/3,Preferred,1,Eccrine adenocarcinoma,C44._
84200/0,Preferred,1,Ceruminous adenoma,C44.2
84201/0,Preferred,1,Ceruminous pleomorphic adenoma,C44.2
84202/0,Preferred,1,Ceruminous syringocystadenoma papilliferum,C44.2
84200/3,Preferred,1,Ceruminous adenocarcinoma,C44.2
84200/3,Synonym,0,Ceruminous carcinoma,C44.2
84203/3,Preferred,1,Ceruminous adenoid cystic carcinoma,C44.2
84204/3,Preferred,1,Ceruminous mucoepidermoid carcinoma,C44.2
84300/1,Preferred,1,Mucoepidermoid tumour,
84300/3,Preferred,1,"Mucoepidermoid carcinoma, NOS",
84301/3,Preferred,1,Sclerosing mucoepidermoid carcinoma with eosinophilia,
84302/3,Preferred,1,"Mucoepidermoid carcinoma, oncocytic",
84303/3,Preferred,1,"Mucoepidermoid carcinoma, Warthin-like",
84400/0,Preferred,1,"Cystadenoma, NOS",
84400/0,Synonym,0,"Cystoma, NOS",
84401/0,Preferred,1,"Cystadenoma, oncocytic",
84400/3,Preferred,1,"Cystadenocarcinoma, NOS",
84410/0,Preferred,1,"Serous cystadenoma, NOS",
84410/0,Synonym,0,Serous cystoma,
84410/0,Synonym,0,"Papillary serous cystadenoma, NOS",C56.9
84411/0,Preferred,1,Solid serous adenoma,C25._
84412/0,Preferred,1,Macrocystic (oligocystic) serous cystadenoma,C25._
84413/0,Preferred,1,Von Hippel-Lindau syndrome-associated serous cystic neoplasm,C25._
84414/0,Preferred,1,Microcystic serous adenoma,C25._
84410/2,Preferred,1,Serous intraepithelial carcinoma,
84410/2,Related,0,Serous tubal intraepithelial carcinoma (STIC),C57.0
84410/2,Related,0,Serous endometrial intraepithelial carcinoma (SEIC),C54.1
84410/3,Preferred,1,"Serous carcinoma, NOS",
84410/3,Synonym,0,"Serous cystadenocarcinoma, NOS",
84410/3,Synonym,0,"Serous adenocarcinoma, NOS",C56.9
84410/3,Synonym,0,"Serous papillary adenocarcinoma, NOS",C56.9
84410/3,Synonym,0,Papillary serous cystadenocarcinoma,C56.9
84410/3,Synonym,0,Papillary serous adenocarcinoma,C56.9
84410/3,Synonym,0,Serous surface papillary carcinoma,C56.9
84410/3,Synonym,0,Malignant serous adenofibroma,
84410/3,Synonym,0,Serous cystadenocarcinofibroma,
84410/3,Synonym,0,Serous adenocarcinofibroma,
84410/3,Synonym,0,Malignant serous cystadenofibroma,
84411/3,Preferred,1,Mixed serous-neuroendocrine neoplasm,C25._
84420/1,Preferred,1,"Serous borderline tumour, NOS","C56.9, C57.0, C48.1, C48.2"
84420/1,Synonym,0,"Serous tumour, atypical proliferative","C56.9, C57.0, C48.1, C48.2"
84420/1,Synonym,0,"Serous cystadenoma, borderline malignancy","C56.9, C57.0, C48.1, C48.2"
84420/1,Synonym,0,"Serous tumour, NOS, of low malignant potential","C56.9, C57.0, C48.1, C48.2"
84420/1,Synonym,0,Serous papillary cystic tumour of borderline malignancy,"C56.9, C57.0, C48.1, C48.2"
84420/1,Synonym,0,Atypical proliferative papillary serous tumour,"C56.9, C57.0, C48.1, C48.2"
84420/1,Synonym,0,"Papillary serous cystadenoma, borderline malignancy","C56.9, C57.0, C48.1, C48.2"
84420/1,Synonym,0,Papillary serous tumour of low malignant potential,"C56.9, C57.0, C48.1, C48.2"
84420/1,Synonym,0,Serous surface papillary tumour of borderline malignancy,"C56.9, C57.0, C48.1, C48.2"
84420/1,Synonym,0,Serous adenofibroma of borderline malignancy,
84420/1,Synonym,0,Serous cystadenofibroma of borderline malignancy,
84430/0,Preferred,1,Clear cell cystadenoma,C56.9
84500/0,Preferred,1,"Papillary cystadenoma, NOS",C56.9)(C57.1
84501/0,Preferred,1,Papillary cystadenofibroma,
84500/3,Preferred,1,"Papillary cystadenocarcinoma, NOS",C56.9
84500/3,Synonym,0,Papillocystic adenocarcinoma,
84510/1,Preferred,1,"Papillary cystadenoma, borderline malignancy",C56.9
84520/1,Preferred,1,Solid pseudopapillary tumour of ovary,C56.9
84520/3,Preferred,1,Solid pseudopapillary neoplasm of pancreas,C25._
84520/3,Synonym,0,Solid-cystic tumour,C25._
84520/3,Synonym,0,Papillary-cystic tumour,C25._
84520/3,Synonym,0,Solid and papillary epithelial neoplasm,C25._
84521/3,Preferred,1,Solid pseudopapillary neoplasm with high-grade carcinoma,C25._
84521/3,Synonym,0,Solid pseudopapillary carcinoma,C25._
84530/0,Preferred,1,Intraductal papillary mucinous adenoma,C25._
84531/0,Preferred,1,Intraductal papillary mucinous neoplasm with low-grade dysplasia,C25._
84531/0,Synonym,0,IPMN with low-grade dysplasia,C25._
84531/0,Synonym,0,Intraductal papillary mucinous tumour with low-grade dysplasia,C25._
84531/0,Synonym,0,Intraductal papillary mucinous neoplasm (IPMN) with moderate dysplasia,C25._
84531/0,Synonym,0,Intraductal papillary mucinous tumour with moderate dysplasia,C25._
84531/0,Synonym,0,Intraductal papillary mucinous tumour with intermediate dysplasia,C25._
84531/2,Preferred,1,Intraductal papillary mucinous neoplasm (IPMN) with high-grade dysplasia,C25._
84531/2,Synonym,0,IPMN with high-grade dysplasia,C25._
84531/2,Synonym,0,"Intraductal papillary mucinous carcinoma, non-invasive",C25._
84531/3,Preferred,1,Intraductal papillary mucinous neoplasm (IPMN) with an associated invasive carcinoma,C25._
84531/3,Synonym,0,"Intraductal papillary mucinous carcinoma, invasive",C25._
84540/0,Preferred,1,Cystic tumour of atrioventricular node,C38.0
84550/2,Preferred,1,"Intraductal oncocytic papillary neoplasm, NOS","C22.1, C24._, C25._"
84550/2,Synonym,0,IOPN,"C22.1, C24._, C25._"
84550/2,Synonym,0,"Intraductal papillary mucinous neoplasm, oncocytic subtype","C22.1, C24._, C25._"
84550/3,Preferred,1,Intraductal oncocytic papillary neoplasm with associated invasive carcinoma,"C22.1, C24._, C25._"
84600/2,Preferred,1,"Serous borderline tumour, micropapillary","C56.9, C57.0, C48.1, C48.2"
84600/2,Synonym,0,"Serous carcinoma, non-invasive, low-grade","C56.9, C57.0, C48.1, C48.2"
84600/2,Synonym,0,"Serous borderline tumour, cribriform",
84600/3,Preferred,1,Low-grade serous carcinoma,"C56.9, C57.0, C48.1, C48.2"
84600/3,Related,0,Invasive implants,"C48.1, C48.2"
84601/3,Preferred,1,Micropapillary serous carcinoma,"C56.9, C57.0, C48.1, C48.2"
84610/0,Preferred,1,Serous surface papilloma,C56.9
84610/3,Preferred,1,High-grade serous carcinoma,"C56.9, C57.0, C48.1, C48.2"
84700/0,Preferred,1,"Mucinous cystadenoma, NOS",C56.9
84700/0,Synonym,0,"Papillary mucinous cystadenoma, NOS",C56.9
84700/0,Synonym,0,"Papillary pseudomucinous cystadenoma, NOS",C56.9
84700/0,Synonym,0,"Pseudomucinous cystadenoma, NOS",C56.9
84700/0,Synonym,0,Mucinous cystoma,C56.9
84701/0,Preferred,1,Mucinous cystic neoplasm with low-grade dysplasia,"C22.1, C25._"
84701/0,Synonym,0,Mucinous cystic neoplasm with low-grade intraepithelial neoplasia,"C22.1, C25._"
84701/0,Synonym,0,Mucinous cystic tumour with low-grade dysplasia,"C22.1, C25._"
84701/0,Synonym,0,Mucinous cystic neoplasm with intermediate grade dysplasia,"C22.1, C25._"
84701/0,Synonym,0,Mucinous cystic neoplasm with intermediate grade intraepithelial neoplasia,"C22.1, C25._"
84701/0,Synonym,0,Mucinous cystic tumour with intermediate dysplasia,"C22.1, C25._"
84701/0,Synonym,0,Mucinous cystic tumour with moderate dysplasia,"C22.1, C25._"
84700/2,Preferred,1,Mucinous cystic neoplasm with high-grade dysplasia,"C22.1,C25._"
84700/2,Synonym,0,"Mucinous cystadenocarcinoma, non-invasive","C22.1, C25._"
84700/2,Synonym,0,Mucinous cystic tumour with high-grade dysplasia,"C22.1,C25._"
84700/2,Synonym,0,Mucinous cystic neoplasm with high-grade intraepithelial neoplasia,"C22.1,C25._"
84700/3,Preferred,1,"Mucinous cystadenocarcinoma, NOS",C56.9
84700/3,Synonym,0,"Pseudomucinous cystadenocarcinoma, NOS",C56.9
84700/3,Synonym,0,Pseudomucinous adenocarcinoma,C56.9
84700/3,Synonym,0,Mucinous cystic tumour with associated invasive carcinoma,"C22.1, C23.9, C25._"
84700/3,Synonym,0,Mucinous cystic neoplasm with associated invasive carcinoma,"C22.1, C23.9, C25._"
84700/3,Synonym,0,Papillary mucinous cystadenocarcinoma,C56.9
84700/3,Synonym,0,Papillary pseudomucinous cystadenocarcinoma,C56.9
84720/1,Preferred,1,Mucinous cystic tumour of borderline malignancy,C56.9
84720/1,Synonym,0,Mucinous borderline tumour,C56.9
84720/1,Synonym,0,"Mucinous tumour, NOS, of low malignant potential",C56.9
84720/1,Synonym,0,Mucinous cystic tumour of low malignant potential,
84720/1,Synonym,0,Atypical proliferative mucinous tumour,C56.9
84720/1,Synonym,0,"Mucinous cystadenoma, borderline malignancy",C56.9
84720/1,Synonym,0,"Pseudomucinous cystadenoma, borderline malignancy",C56.9
84720/1,Synonym,0,"Papillary mucinous cystadenoma, borderline malignancy",C56.9
84720/1,Synonym,0,"Papillary pseudomucinous cystadenoma, borderline malignancy",C56.9
84720/1,Synonym,0,Papillary mucinous tumour of low malignant potential,C56.9
84720/1,Synonym,0,Mucinous adenofibroma of borderline malignancy,
84720/1,Synonym,0,Mucinous cystadenofibroma of borderline malignancy,
84740/0,Preferred,1,Seromucinous cystadenoma,
84740/1,Preferred,1,Seromucinous borderline tumour,
84740/1,Synonym,0,"Seromucinous tumour, atypical proliferative",
84740/3,Preferred,1,Seromucinous carcinoma,C56.9
84800/0,Preferred,1,Mucinous adenoma,
84800/0,Synonym,0,Mucous gland adenoma,
84800/2,Preferred,1,Low-grade appendiceal mucinous neoplasm,C18.1
84800/2,Synonym,0,LAMN,
84801/2,Preferred,1,High-grade appendiceal mucinous neoplasm,C18.1
84801/2,Synonym,0,HAMN,
84800/3,Preferred,1,"Mucinous adenocarcinoma, NOS",
84800/3,Synonym,0,"Acinar adenocarcinoma, mucinous variant",
84800/3,Synonym,0,Colloid adenocarcinoma,
84800/3,Synonym,0,"Colloid carcinoma, NOS",
84800/3,Synonym,0,Gelatinous adenocarcinoma,
84800/3,Synonym,0,Gelatinous carcinoma,
84800/3,Synonym,0,"Mucinous carcinoma, NOS",
84800/3,Synonym,0,Mucoid adenocarcinoma,
84800/3,Synonym,0,Mucoid carcinoma,
84800/3,Synonym,0,Mucous adenocarcinoma,
84800/3,Synonym,0,Mucous carcinoma,
84800/3,Synonym,0,Mucinous non-cystic carcinoma,
84800/3,Synonym,0,Mucinoid carcinoma,
84802/3,Preferred,1,Mucinous tubular and spindle cell carcinoma,C64.9
84803/3,Preferred,1,Appendiceal mucinous neoplasm with extra-appendiceal spread,C18.1
84804/3,Preferred,1,Colloid carcinoma of lung,C34._
84800/6,Preferred,1,"Mucinous adenocarcinoma, metastatic",
84800/6,Related,0,Mucinous carcinoma peritonei,
84800/6,Synonym,0,Pseudomyxoma peritonei,C48._
84810/3,Preferred,1,Mucin-producing adenocarcinoma,
84810/3,Synonym,0,Mucin-producing carcinoma,
84810/3,Synonym,0,Mucin-secreting adenocarcinoma,
84810/3,Synonym,0,Mucin-secreting carcinoma,
84810/3,Synonym,0,Carcinoma with mucin production,
84811/3,Preferred,1,Mucin-rich salivary duct carcinoma,"C07.9, C08._"
84820/3,Preferred,1,"Mucinous carcinoma, gastric type",C53._
84820/3,Synonym,0,"Mucinous adenocarcinoma, endocervical type",C53._
84820/3,Synonym,0,"Adenocarcinoma, HPV-independent, gastric type",
84830/2,Preferred,1,"Adenocarcinoma in situ, HPV-associated",
84830/2,Related,0,High-grade cervical glandular intraepithelial neoplasia,C53._
84830/3,Preferred,1,"Adenocarcinoma, HPV-associated",
84831/3,Preferred,1,HPV-related multiphenotypic sinonasal carcinoma,"C30._, C31._"
84831/3,Synonym,0,HPV-associated multiphenotypic sinonasal carcinoma,"C30._, C31._"
84840/2,Preferred,1,"Adenocarcinoma in situ, HPV-independent",
84840/2,Related,0,Gastric-type adenocarcinoma in situ of cervix,C53._
84840/2,Related,0,Atypical lobular endocervical glandular hyperplasia,C53._
84840/3,Preferred,1,"Adenocarcinoma, HPV-independent, NOS",
84900/3,Preferred,1,Signet-ring cell carcinoma,
84900/3,Synonym,0,Signet-ring cell adenocarcinoma,
84900/3,Synonym,0,"Mucinous carcinoma, signet-ring cell type",
84900/3,Related,0,"Acinar adenocarcinoma, signet-ring-like",C61.9
84901/3,Preferred,1,Poorly cohesive carcinoma,
84901/3,Synonym,0,Poorly cohesive cell carcinoma,
84901/3,Synonym,0,Poorly cohesive carcinoma/signet-ring carcinoma,
84901/3,Synonym,0,Poorly cohesive carcinoma/signet-ring cell carcinoma,
84902/3,Preferred,1,Signet-ring cell/histiocytoid carcinoma,
84900/6,Preferred,1,Metastatic signet-ring cell carcinoma,
84900/6,Related,0,Krukenberg tumour,C56.9
85000/2,Preferred,1,"Intraductal carcinoma, noninfiltrating, NOS",
85000/2,Synonym,0,"Intraductal adenocarcinoma, noninfiltrating, NOS",
85000/2,Synonym,0,"Intraductal carcinoma, NOS",
85000/2,Related,0,"Ductal carcinoma in situ, NOS",C50._
85000/2,Synonym,0,"DCIS, NOS",C50._
85000/2,Synonym,0,DIN 3,C50._
85000/2,Synonym,0,Ductal intraepithelial neoplasia 3,C50._
85000/2,Synonym,0,"Cystic hypersecretory carcinoma, intraductal",C50._
85000/2,Related,0,Carcinoma in situ of male breast,C50._
85001/2,Preferred,1,"Intraductal carcinoma, intercalated duct",
85001/2,Synonym,0,Intercalated duct carcinoma,
85002/2,Preferred,1,"Intraductal carcinoma, apocrine",
85003/2,Preferred,1,"Intraductal carcinoma, oncocytic",
85004/2,Preferred,1,"Intraductal carcinoma, mixed",
85000/3,Preferred,1,"Infiltrating duct carcinoma, NOS",
85000/3,Synonym,0,Invasive ductal carcinoma,
85000/3,Synonym,0,"Infiltrating ductal carcinoma, NOS",
85000/3,Synonym,0,"Duct adenocarcinoma, NOS",
85000/3,Synonym,0,Duct cell adenocarcinoma,
85000/3,Synonym,0,"Ductal adenocarcinoma, NOS",
85000/3,Synonym,0,"Duct carcinoma, NOS",
85000/3,Synonym,0,"Ductal carcinoma, NOS",
85000/3,Synonym,0,Duct cell carcinoma,
85000/3,Synonym,0,Infiltrating duct adenocarcinoma,C50._
85000/3,Related,0,Invasive breast carcinoma of no special type,C50._
85000/3,Synonym,0,"Invasive breast carcinoma, NOS",C50._
85000/3,Related,0,Invasive carcinoma of male breast,C50._
85005/3,Preferred,1,"Basal-like carcinoma, NOS",C50._
85005/3,Related,0,Basal-like salivary duct carcinoma,"C07.9, C08._"
85006/3,Preferred,1,Adenocarcinoma of mammary gland type,
85006/3,Related,0,Adenocarcinoma of anogenital mammary-like glands,
85007/3,Preferred,1,Primary ductal adenocarcinoma of lacrimal gland,C69.5
85008/3,Preferred,1,"Salivary duct carcinoma, NOS","C06.3, C07.9, C08._"
85010/2,Preferred,1,"Comedocarcinoma, noninfiltrating",C50._
85010/2,Synonym,0,"Ductal carcinoma in situ, comedo type",C50._
85010/2,Synonym,0,"DCIS, comedo type",C50._
85010/3,Preferred,1,"Comedocarcinoma, NOS",
85020/3,Preferred,1,Secretory carcinoma,
85020/3,Related,0,Juvenile carcinoma of breast,C50._
85020/3,Related,0,Mammary analogue secretory carcinoma,
85021/3,Preferred,1,Microsecretory adenocarcinoma,
85030/0,Preferred,1,"Intraductal papilloma, NOS",C50._
85030/0,Synonym,0,Intraductal papilloma with atypical ductal hyperplasia,C50._
85030/0,Synonym,0,Large duct papilloma,C50._
85030/0,Synonym,0,Major duct papilloma,C50._
85030/0,Synonym,0,Microscopic papilloma,C50._
85031/0,Preferred,1,"Duct adenoma, NOS",
85032/0,Synonym,0,"Ductal papilloma, NOS",C23.9
85032/0,Related,0,"Ductal papilloma, inverted",
85033/0,Preferred,1,"Intracholecystic papillary neoplasm, low-grade",C23.9
85033/0,Synonym,0,Intracholecystic papillary neoplasm with low-grade intraepithelial neoplasia,C23.9
85033/0,Synonym,0,Intracystic papillary neoplasm with low-grade intraepithelial neoplasia,C23.9
85033/0,Related,0,Intracholecystic papillary neoplasm with intermediate-grade intraepithelial neoplasia,C23.9
85033/0,Synonym,0,Intracystic papillary neoplasm with intermediate grade intraepithelial neoplasia,C23.9
85034/0,Preferred,1,Intraductal papillary neoplasm with low-grade dysplasia,"C22.1, C24._"
85034/0,Synonym,0,Intraductal papillary neoplasm with low-grade intraepithelial neoplasia,"C22.1, C24._"
85034/0,Related,0,Intraductal papillary neoplasm with intermediate grade neoplasia,"C22.1, C24.0"
85035/0,Preferred,1,Striated duct adenoma,
85036/0,Preferred,1,"Intraductal papillary neoplasm, NOS",
85030/2,Preferred,1,"Ductal carcinoma in situ, papillary",C50._
85030/2,Synonym,0,Papillary carcinoma in situ of breast,C50._
85030/2,Synonym,0,Noninfiltrating intraductal papillary adenocarcinoma,C50._
85030/2,Synonym,0,"Intraductal papillary adenocarcinoma, NOS",C50._
85030/2,Synonym,0,Intraductal papillary ductal carcinoma in situ,
85030/2,Synonym,0,"Intraductal papillary carcinoma, NOS",C50._
85030/2,Synonym,0,"DCIS, papillary",C50._
85030/2,Synonym,0,Noninfiltrating intraductal papillary carcinoma,C50._
85031/2,Preferred,1,Intraductal papilloma with DCIS,C50._
85033/2,Preferred,1,"Intracholecystic papillary neoplasm, high-grade",C23.9
85033/2,Synonym,0,Intracholecystic papillary neoplasm with high-grade intraepithelial neoplasia,C23.9
85033/2,Synonym,0,Intracystic papillary neoplasm with high-grade intraepithelial neoplasia,C23.9
85033/2,Synonym,0,Intracystic papillary tumour with high-grade dysplasia,C23.9
85033/2,Synonym,0,Intracystic papillary tumour with high-grade intraepithelial neoplasia,C23.9
85034/2,Preferred,1,Intraductal papillary neoplasm with high-grade intraepithelial neoplasia,"C22.1, C24._"
85034/2,Synonym,0,Intraductal papillary neoplasm with high-grade dysplasia,"C22.1, C24._"
85034/2,Synonym,0,Intraductal papillary tumour with high-grade dysplasia,
85034/2,Synonym,0,Intraductal papillary tumour with high-grade intraepithelial neoplasia,
85037/2,Preferred,1,"Intraductal tubulopapillary neoplasm, NOS","C22.1, C24._, C25._"
85037/2,Synonym,0,ITPN,"C22.1, C24._, C25._"
85037/2,Synonym,0,"Intraductal tubular-papillary neoplasm, high-grade","C22.1, C24._, C25._"
85030/3,Preferred,1,Invasive papillary carcinoma of breast,C50._
85030/3,Synonym,0,Papillary carcinoma of breast,C50._
85030/3,Synonym,0,Infiltrating papillary adenocarcinoma of breast,C50._
85030/3,Synonym,0,Infiltrating and papillary adenocarcinoma of breast,C50._
85030/3,Synonym,0,Intraductal papillary adenocarcinoma with invasion,C50._
85033/3,Preferred,1,Intracholecystic papillary neoplasm with associated invasive carcinoma,C23.9
85033/3,Synonym,0,Intracystic papillary neoplasm with associated invasive carcinoma,C23.9
85034/3,Preferred,1,Intraductal papillary neoplasm with associated invasive carcinoma,"C22.1, C24._"
85037/3,Preferred,1,Intraductal tubulopapillary neoplasm with associated invasive carcinoma,"C22.1, C24._, C25._"
85040/0,Preferred,1,Intracystic papillary adenoma,
85040/0,Synonym,0,Intracystic papilloma,
85040/2,Preferred,1,"Encapsulated papillary carcinoma, NOS",
85040/2,Synonym,0,Noninfiltrating intracystic carcinoma,
85040/2,Synonym,0,"Encysted papillary carcinoma, NOS",
85040/2,Synonym,0,"Intracystic papillary carcinoma, NOS",
85040/2,Synonym,0,"Intracystic carcinoma, NOS",
85040/2,Synonym,0,Intracystic papillary adenocarcinoma,
85040/3,Preferred,1,Encapsulated papillary carcinoma with invasion,
85040/3,Synonym,0,Encysted papillary carcinoma with invasion,
85040/3,Synonym,0,Intracystic papillary carcinoma with invasion,
85050/0,Preferred,1,"Intraductal papillomatosis, NOS",
85050/0,Synonym,0,Diffuse intraductal papillomatosis,
85060/0,Preferred,1,Nipple adenoma,C50.0
85060/0,Synonym,0,Nipple duct adenoma,C50.0
85060/0,Synonym,0,Adenoma of nipple,C50.0
85060/0,Synonym,0,Subareolar duct papillomatosis,C50.0
85070/2,Preferred,1,Intraductal micropapillary carcinoma,C50._
85070/2,Synonym,0,"Ductal carcinoma in situ, micropapillary",C50._
85071/2,Preferred,1,"Intraductal carcinoma, clinging, high-grade",C50._
85070/3,Preferred,1,Invasive micropapillary carcinoma of breast,C50._
85070/3,Synonym,0,Micropapillary carcinoma of breast,C50._
85080/3,Preferred,1,"Cystic hypersecretory carcinoma, NOS",C50._
85090/2,Preferred,1,Solid papillary carcinoma in situ,C50._
85090/2,Synonym,0,"Breast carcinoma in situ, neuroendocrine ",C50._
85090/2,Synonym,0,"Ductal carcinoma in situ, spindle cell",C50._
85090/2,Synonym,0,"Ductal carcinoma in situ, neuroendocrine",C50._
85090/2,Synonym,0,"Ductal carcinoma in situ, endocrine",C50._
85091/2,Preferred,1,Endocrine mucin-producing sweat gland carcinoma in situ,C44._
85090/3,Preferred,1,Solid papillary carcinoma with invasion,C50._
85091/3,Preferred,1,"Endocrine mucin-producing sweat gland carcinoma, NOS",C44._
85092/3,Preferred,1,Tall cell carcinoma with reversed polarity,C50._
85100/3,Preferred,1,"Medullary carcinoma, NOS",
85100/3,Synonym,0,Medullary adenocarcinoma,
85101/3,Preferred,1,Medullary-like carcinoma,
85102/3,Preferred,1,SMARCB1-deficient renal medullary carcinoma,C64.9
85102/3,Synonym,0,"Renal medullary carcinoma, NOS",C64.9
85103/3,Preferred,1,SMARCB1-deficient medullary-like renal cell carcinoma,C64.9
85104/3,Preferred,1,SMARCB1-deficient undifferentiated renal cell carcinoma,C64.9
85105/3,Preferred,1,SMARCB1-deficient dedifferentiated renal cell carcinoma,C64.9
85120/3,Preferred,1,Medullary carcinoma with lymphoid stroma,
85120/3,Synonym,0,Adenocarcinoma with lymphoid stroma,
85120/3,Synonym,0,Carcinoma with lymphoid stroma,
85130/3,Preferred,1,Atypical medullary carcinoma,C50._
85140/3,Preferred,1,"Duct carcinoma, desmoplastic type",C50._
85190/2,Preferred,1,"Lobular carcinoma in situ, pleomorphic",C50._
85190/2,Synonym,0,"LCIS, pleomorphic",C50._
85200/2,Preferred,1,"Lobular carcinoma in situ, NOS",C50._
85200/2,Synonym,0,"LCIS, NOS",C50._
85200/2,Synonym,0,"Lobular carcinoma, noninfiltrating",C50._
85201/2,Preferred,1,"Lobular carcinoma in situ, classic",C50._
85202/2,Preferred,1,Intraductal papilloma with lobular carcinoma in situ,C50._
85203/2,Preferred,1,"Lobular carcinoma in situ, florid",C50._
85200/3,Preferred,1,"Invasive lobular carcinoma, NOS",C50._
85200/3,Synonym,0,"Lobular carcinoma, NOS",C50._
85200/3,Synonym,0,"Infiltrating lobular carcinoma, NOS",C50._
85200/3,Synonym,0,Lobular adenocarcinoma,C50._
85200/3,Related,0,"Lobular carcinoma, pleomorphic",C50._
85204/3,Preferred,1,Tubulo-lobular carcinoma,C50._
85204/3,Synonym,0,Tubulolobular carcinoma,C50._
85210/3,Preferred,1,Infiltrating ductular carcinoma,
85220/2,Preferred,1,Intraductal carcinoma and lobular carcinoma in situ,C50._
85220/3,Preferred,1,Infiltrating duct and lobular carcinoma,C50._
85220/3,Synonym,0,Lobular and ductal carcinoma,C50._
85221/3,Preferred,1,Intraductal and lobular carcinoma,C50._
85221/3,Synonym,0,Infiltrating lobular carcinoma and ductal carcinoma in situ,C50._
85222/3,Preferred,1,Infiltrating ductal carcinoma and lobular carcinoma in situ,C50._
85230/3,Preferred,1,Infiltrating duct mixed with other types of carcinoma,C50._
85231/3,Preferred,1,Infiltrating duct and cribriform carcinoma,C50._
85232/3,Preferred,1,Infiltrating duct and mucinous carcinoma,C50._
85232/3,Synonym,0,Infiltrating duct and colloid carcinoma,C50._
85233/3,Preferred,1,Infiltrating duct and apocrine carcinoma,C50._
85234/3,Preferred,1,Infiltrating duct and micropapillary carcinoma,C50._
85235/3,Preferred,1,Infiltrating duct and tubular carcinoma,C50._
85240/3,Preferred,1,Infiltrating lobular mixed with other types of carcinoma,C50._
85241/3,Preferred,1,Infiltrating lobular and cribriform carcinoma,C50._
85242/3,Preferred,1,Infiltrating lobular and mucinous carcinoma,C50._
85243/3,Preferred,1,Infiltrating lobular and apocrine carcinoma,C50._
85244/3,Preferred,1,Infiltrating lobular and micropapillary carcinoma,C50._
85250/3,Preferred,1,"Polymorphous adenocarcinoma, NOS",
85250/3,Synonym,0,Polymorphous carcinoma,
85250/3,Synonym,0,Terminal duct adenocarcinoma,
85250/3,Related,0,Polymorphous low-grade adenocarcinoma,
85251/3,Preferred,1,"Polymorphous adenocarcinoma, conventional subtype","C07.9, C08._"
85252/3,Preferred,1,"Polymorphous adenocarcinoma, cribriform subtype","C07.9, C08._"
85252/3,Synonym,0,Cribriform adenocarcinoma of salivary gland,"C07.9, C08._"
85300/3,Preferred,1,Inflammatory carcinoma,C50._
85300/3,Synonym,0,Inflammatory adenocarcinoma,C50._
85400/3,Preferred,1,"Paget disease, mammary",C50._
85400/3,Synonym,0,Paget disease of breast,C50._
85400/3,Synonym,0,Paget disease of nipple,C50.0
85410/3,Preferred,1,Paget disease and infiltrating duct carcinoma of breast,C50._
85411/3,Preferred,1,Paget disease and infiltrating lobular carcinoma of breast,C50._
85412/3,Preferred,1,Paget disease with infiltrating duct carcinoma and lobular carcinoma of breast,C50._
85420/3,Preferred,1,"Paget disease, extramammary",
85421/3,Preferred,1,"Paget disease with dermal/stromal invasion, extramammary",
85430/3,Preferred,1,Paget disease and intraductal carcinoma of breast,C50._
85500/0,Preferred,1,Acinar cell adenoma,
85500/0,Synonym,0,Acinar adenoma,
85500/0,Synonym,0,Acinic cell adenoma,
85500/1,Preferred,1,Acinar cell tumour,
85500/1,Synonym,0,Acinic cell tumour,
85500/3,Preferred,1,Acinar cell carcinoma,
85500/3,Synonym,0,"Acinar adenocarcinoma, NOS",
85500/3,Synonym,0,Acinar carcinoma,
85501/3,Preferred,1,Acinic cell carcinoma,
85501/3,Synonym,0,Acinic cell adenocarcinoma,
85510/3,Preferred,1,Acinar cell cystadenocarcinoma,
85511/3,Preferred,1,Acinar adenocarcinoma of lung,C34._
85520/3,Preferred,1,Mixed acinar-ductal carcinoma,
85600/0,Preferred,1,Mixed squamous cell and glandular papilloma,
85600/0,Synonym,0,Tubulosquamous polyp,
85600/0,Synonym,0,Mixed papilloma,
85600/3,Preferred,1,"Adenosquamous carcinoma, NOS",
85600/3,Synonym,0,Mixed adenocarcinoma and epidermoid carcinoma,
85600/3,Synonym,0,Mixed adenocarcinoma and squamous cell carcinoma,
85600/3,Related,0,Prostatic carcinoma with adenosquamous differentiation,C61.9
85601/3,Preferred,1,Squamoid eccrine ductal carcinoma,C44._
85610/0,Preferred,1,"Warthin tumour, NOS","C07.9, C08._"
85610/0,Synonym,0,Adenolymphoma,"C07.9, C08._"
85610/0,Synonym,0,Papillary cystadenoma lymphomatosum,"C07.9, C08._"
85611/0,Preferred,1,"Warthin tumour, infarcted/metaplastic","C07.9, C08._"
85620/3,Preferred,1,"Epithelial-myoepithelial carcinoma, NOS",
85620/3,Synonym,0,Adenomyoepithelial carcinoma,
85630/0,Preferred,1,"Lymphadenoma, NOS",
85631/0,Preferred,1,Sebaceous lymphadenoma,
85632/0,Preferred,1,Non-sebaceous lymphadenoma,
85700/3,Preferred,1,Adenocarcinoma with squamous metaplasia,
85700/3,Synonym,0,Adenoacanthoma,
85701/3,Preferred,1,Endometrioid carcinoma with squamous differentiation,"C54._, C56.9"
85710/3,Preferred,1,Adenocarcinoma with cartilaginous and osseous metaplasia,
85710/3,Synonym,0,Adenocarcinoma with cartilaginous metaplasia,
85710/3,Synonym,0,Adenocarcinoma with chondroid differentiation,
85710/3,Synonym,0,Adenocarcinoma with osseous metaplasia,
85720/3,Preferred,1,Adenocarcinoma with spindle cell metaplasia,
85720/3,Synonym,0,"Acinar adenocarcinoma, sarcomatoid variant",
85720/3,Related,0,Fibromatosis-like metaplastic carcinoma,
85730/3,Preferred,1,Adenocarcinoma with apocrine metaplasia,
85730/3,Synonym,0,Carcinoma with apocrine metaplasia,
85740/3,Preferred,1,Adenocarcinoma with neuroendocrine differentiation,
85741/3,Preferred,1,Carcinoma with neuroendocrine differentiation,
85742/3,Preferred,1,"Neuroendocrine carcinoma, treatment-related",
85750/3,Preferred,1,"Metaplastic carcinoma, NOS",
85760/3,Preferred,1,Hepatoid adenocarcinoma,
85760/3,Synonym,0,Hepatoid carcinoma,
85761/3,Preferred,1,Alpha-feto protein-producing carcinoma,
85761/3,Synonym,0,AFP-producing carcinoma,
85800/0,Preferred,1,Microscopic thymoma,C37.9
85801/0,Preferred,1,"Thymoma, benign",C37.9
85800/1,Preferred,1,Micronodular thymoma with lymphoid stroma,C37.9
85800/3,Preferred,1,"Thymoma, NOS",C37.9
85801/3,Preferred,1,Intrapulmonary thymoma,C34._
85802/3,Preferred,1,Sclerosing thymoma,C37.9
85803/3,Preferred,1,Metaplastic thymoma,C37.9
85810/3,Preferred,1,"Thymoma, type A",C37.9
85810/3,Synonym,0,"Thymoma, medullary",C37.9
85810/3,Synonym,0,"Thymoma, spindle cell",C37.9
85811/3,Preferred,1,Atypical type A thymoma,C37.9
85820/3,Preferred,1,"Thymoma, type AB",C37.9
85820/3,Synonym,0,"Thymoma, mixed type",C37.9
85830/3,Preferred,1,"Thymoma, type B1",C37.9
85830/3,Synonym,0,"Thymoma, lymphocyte-rich",C37.9
85830/3,Synonym,0,"Thymoma, lymphocytic",C37.9
85830/3,Synonym,0,"Thymoma, organoid",C37.9
85830/3,Synonym,0,"Thymoma, predominantly cortical",C37.9
85840/3,Preferred,1,"Thymoma, type B2",C37.9
85840/3,Synonym,0,"Thymoma, cortical",C37.9
85850/3,Preferred,1,"Thymoma, type B3",C37.9
85850/3,Synonym,0,"Thymoma, atypical",C37.9
85850/3,Synonym,0,"Thymoma, epithelial",C37.9
85850/3,Synonym,0,Well-differentiated thymic carcinoma,C37.9
85860/3,Preferred,1,"Thymic carcinoma, NOS",C37.9
85860/3,Synonym,0,"Thymoma, type C",C37.9
85870/0,Preferred,1,Ectopic hamartomatous thymoma,
85880/3,Preferred,1,Spindle epithelial tumour with thymus-like elements,
85880/3,Synonym,0,SETTLE,
85880/3,Synonym,0,Spindle epithelial tumour with thymus-like differentiation,
85890/3,Preferred,1,Intrathyroidal thymic carcinoma,C73.9
85890/3,Synonym,0,Intrathyroid thymic carcinoma,C73.9
85890/3,Synonym,0,Carcinoma showing thymus-like element,
85890/3,Synonym,0,Carcinoma showing thymus-like differentiation,
85890/3,Synonym,0,CASTLE,
85900/0,Preferred,1,"Sex cord-stromal tumour, benign",
85901/0,Preferred,1,Signet-ring stromal tumour,
85902/0,Preferred,1,Microcystic stromal tumour,
85903/0,Preferred,1,Myoid gonadal stromal tumour,C62._
85900/1,Preferred,1,"Sex cord-gonadal stromal tumour, NOS",
85904/1,Preferred,1,"Gonadal stromal tumour, NOS",
85904/1,Related,0,Testicular stromal tumour,C62._
85904/1,Related,0,Ovarian stromal tumour,C56.9
85905/1,Preferred,1,"Sex cord-stromal tumour, NOS",
85905/1,Synonym,0,"Sex cord tumour, NOS",
85906/1,Preferred,1,Uterine tumour resembling ovarian sex cord tumour,
85910/1,Preferred,1,"Sex cord-gonadal stromal tumour, incompletely differentiated",
85911/1,Preferred,1,"Sex cord-stromal tumour, unclassified",
85911/1,Synonym,0,Sex cord-stromal tumour not elsewhere classified,
85920/1,Preferred,1,"Sex cord-gonadal stromal tumour, mixed forms",
85920/1,Synonym,0,"Sex cord-gonadal stromal tumour, mixed",
85921/1,Preferred,1,Mixed sex cord-stromal tumour of testis,C62._
85930/1,Preferred,1,Stromal tumour with minor sex cord elements,C56.9
85940/1,Preferred,1,"Mixed germ cell-sex cord-stromal tumour, NOS",
85941/1,Preferred,1,"Mixed germ cell-sex cord-stromal tumour, unclassified",
86000/0,Preferred,1,"Thecoma, NOS",C56.9
86000/0,Synonym,0,Theca cell tumour,C56.9
86000/0,Related,0,Fibrothecoma,
86000/0,Synonym,0,Thecofibroma,
86000/3,Preferred,1,"Thecoma, malignant",C56.9
86010/0,Preferred,1,"Thecoma, luteinized",C56.9
86011/0,Preferred,1,Luteinized thecoma associated with sclerosing peritonitis,C56.9
86020/0,Preferred,1,Sclerosing stromal tumour,C56.9
86100/0,Preferred,1,"Luteoma, NOS",C56.9
86100/0,Synonym,0,Luteinoma,C56.9
86100/0,Synonym,0,Pregnancy luteoma,C56.9
86200/1,Preferred,1,Adult granulosa cell tumour of testis,C62._
86200/1,Synonym,0,"Granulosa cell tumour of testis, NOS",C62._
86200/3,Preferred,1,Adult granulosa cell tumour of ovary,C56.9
86200/3,Synonym,0,"Granulosa cell tumour of ovary, NOS",C56.9
86200/3,Related,0,Adult granulosa cell tumour of adrenal gland,C74._
86200/3,Synonym,0,Granulosa cell carcinoma,C56.9
86200/3,Synonym,0,"Granulosa cell tumour, sarcomatoid",C56.9
86210/1,Preferred,1,Granulosa cell-theca cell tumour,C56.9
86210/1,Synonym,0,Theca cell-granulosa cell tumour,C56.9
86220/0,Preferred,1,"Granulosa cell tumour of testis, juvenile",C62._
86220/1,Preferred,1,"Granulosa cell tumour of ovary, juvenile",C56.9
86230/1,Preferred,1,Sex cord tumour with annular tubules,C56.9
86300/0,Preferred,1,"Androblastoma, benign",
86300/0,Synonym,0,"Arrhenoblastoma, benign",
86300/1,Preferred,1,"Androblastoma, NOS",
86300/1,Synonym,0,"Arrhenoblastoma, NOS",
86300/3,Preferred,1,"Androblastoma, malignant",
86300/3,Synonym,0,"Arrhenoblastoma, malignant",
86311/0,Preferred,1,"Sertoli-Leydig cell tumour, well-differentiated",
86310/1,Preferred,1,"Sertoli-Leydig cell tumour, NOS",
86311/1,Preferred,1,"Sertoli-Leydig cell tumour, moderately differentiated, NOS",
86311/1,Synonym,0,"Sertoli-Leydig cell tumour of intermediate differentiation, NOS",
86311/3,Preferred,1,"Sertoli-Leydig cell tumour, poorly differentiated, NOS",
86311/3,Related,0,"Sertoli-Leydig cell tumour, sarcomatoid",
86320/1,Preferred,1,Gynandroblastoma,C56.9
86320/1,Synonym,0,Mixed sex cord-stromal tumour of ovary,C56.9
86330/1,Preferred,1,"Sertoli-Leydig cell tumour, retiform, NOS",
86340/1,Preferred,1,"Sertoli-Leydig cell tumour, intermediate differentiation, with heterologous elements",
86340/1,Synonym,0,"Sertoli-Leydig cell tumour, moderately differentiated, with heterologous elements",
86341/1,Preferred,1,"Sertoli-Leydig cell tumour, retiform, with heterologous elements",
86340/3,Preferred,1,"Sertoli-Leydig cell tumour, poorly differentiated, with heterologous elements",
86400/1,Preferred,1,"Sertoli cell tumour, NOS",
86400/1,Synonym,0,"Tubular androblastoma, NOS",
86400/1,Synonym,0,Pick tubular adenoma,
86400/1,Synonym,0,Sertoli cell adenoma,
86400/1,Synonym,0,Testicular adenoma,
86400/3,Preferred,1,"Sertoli cell tumour, malignant",
86400/3,Synonym,0,Sertoli cell carcinoma,C62._
86410/0,Preferred,1,Sertoli cell tumour with lipid storage,
86410/0,Synonym,0,Folliculome lipidique,C56.9
86410/0,Synonym,0,Lipid-rich Sertoli cell tumour,C56.9
86410/0,Synonym,0,Tubular androblastoma with lipid storage,C56.9
86420/1,Preferred,1,Large cell calcifying Sertoli cell tumour,
86430/1,Preferred,1,Intratubular large cell hyalinizing Sertoli cell neoplasia,
86500/0,Preferred,1,"Leydig cell tumour of ovary, NOS",C56.9
86500/1,Preferred,1,"Leydig cell tumour of testis, NOS",C62._
86500/1,Related,0,Leydig cell tumour of adrenal gland,C74._
86500/1,Synonym,0,"Interstitial cell tumour, NOS",
86500/3,Preferred,1,"Leydig cell tumour, malignant",C62._
86500/3,Synonym,0,"Interstitial cell tumour, malignant",
86600/0,Preferred,1,Hilus cell tumour,C56.9
86600/0,Synonym,0,Hilar cell tumour,C56.9
86700/0,Preferred,1,Lipid cell tumour of ovary,C56.9
86700/0,Synonym,0,"Steroid cell tumour, NOS",
86700/0,Synonym,0,Lipoid cell tumour of ovary,C56.9
86701/0,Preferred,1,Masculinovoblastoma,C56.9
86700/3,Preferred,1,"Steroid cell tumour, malignant",
86710/0,Preferred,1,Adrenal rest tumour,
86800/3,Preferred,1,"Paraganglioma, NOS",C75.5
86810/3,Preferred,1,Sympathetic paraganglioma,
86820/3,Preferred,1,Parasympathetic paraganglioma,
86820/3,Related,0,Head and neck paraganglioma,
86830/3,Preferred,1,Composite gangliocytoma/neuroma and neuroendocrine tumour,C17.0
86830/3,Synonym,0,Mixed ganglioneuroma-neuroendocrine neoplasm (MiGNEN),C17.0
86830/3,Synonym,0,Gangliocytic neuroendocrine tumour,C17.0
86830/3,Synonym,0,Gangliocytic paraganglioma,C17.0
86900/3,Preferred,1,Middle ear paraganglioma,C75.5
86900/3,Synonym,0,"Glomus jugulare tumour, NOS",C75.5
86900/3,Synonym,0,Jugular paraganglioma,C75.5
86900/3,Synonym,0,Jugulotympanic paraganglioma,C75.5
86910/3,Preferred,1,Aortic body paraganglioma,C75.5
86910/3,Synonym,0,Aortic body tumour,C75.5
86910/3,Synonym,0,Aorticopulmonary paraganglioma,C75.5
86920/3,Preferred,1,Carotid body paraganglioma,C75.4
86920/3,Synonym,0,Carotid body tumour,C75.4
86930/3,Preferred,1,"Extra-adrenal paraganglioma, NOS",
86930/3,Synonym,0,Chemodectoma,
86930/3,Related,0,CNS paraganglioma,
86931/3,Preferred,1,"Nonchromaffin paraganglioma, NOS",
86932/3,Preferred,1,Laryngeal paraganglioma,
86933/3,Preferred,1,Vagal paraganglioma,
86934/3,Preferred,1,Cauda equina neuroendocrine tumour,C72.1
86934/3,Synonym,0,Cauda equina paraganglioma,C72.1
86934/3,Synonym,0,Paraganglioma of cauda equina,C72.1
86935/3,Preferred,1,"Composite paraganglioma, NOS",
86935/3,Synonym,0,"Composite paraganglion tumour, extra-adrenal",
86936/3,Preferred,1,Composite paraganglioma-neuroblastoma,
86937/3,Preferred,1,Composite paraganglioma-ganglioneuroblastoma,
86938/3,Preferred,1,Composite paraganglioma-ganglioneuroma,
87000/3,Preferred,1,"Phaeochromocytoma, NOS",C74.1
87000/3,Synonym,0,"Paraganglioma, intra-adrenal",C74.1
87000/3,Synonym,0,"Paraganglioma, adrenal sympathetic",C74.1
87000/3,Synonym,0,"Paraganglioma, adrenal, NOS",C74.1
87000/3,Synonym,0,Adrenal medullary paraganglioma,C74.1
87000/3,Synonym,0,Chromaffin paraganglioma,
87000/3,Synonym,0,Chromaffin tumour,
87000/3,Synonym,0,Chromaffinoma,
87000/3,Synonym,0,Phaeochromoblastoma,C74.1
87001/3,Preferred,1,Composite phaeochromocytoma,C74.1
87001/3,Synonym,0,Adrenal composite paraganglion tumour,C74.1
87001/3,Synonym,0,Adrenal composite phaeochromocytoma-paraganglioma,C74.1
87002/3,Preferred,1,Composite phaeochromocytoma-ganglioneuroma,C74.1
87003/3,Preferred,1,Composite phaeochromocytoma-ganglioneuroblastoma,C74.1
87004/3,Preferred,1,Composite phaeochromocytoma-neuroblastoma,C74.1
87005/3,Preferred,1,Composite phaeochromocytoma-malignant peripheral nerve sheath tumour,C74.1
87005/3,Synonym,0,Composite phaeochromocytoma-peripheral nerve sheath tumour,C74.1
87006/3,Preferred,1,"Composite paraganglion tumour, NOS",
87110/0,Preferred,1,"Glomus tumour, NOS",
87111/0,Preferred,1,"Glomus tumour, classic",
87112/0,Preferred,1,"Glomus tumour, symplastic",
87113/0,Preferred,1,"Glomus tumour, oncocytic",
87114/0,Preferred,1,"Glomus tumour, epithelioid",
87115/0,Preferred,1,"Glomus tumour, myxoid",
87116/0,Preferred,1,"Glomus tumour, signet-ring",
87117/0,Preferred,1,"Glomus tumour, hyalinized",
87110/1,Preferred,1,Glomangiomatosis,
87111/1,Preferred,1,Glomus tumour of uncertain malignant potential,
87110/3,Preferred,1,"Glomus tumour, malignant",
87110/3,Synonym,0,Glomangiosarcoma,
87110/3,Synonym,0,Glomoid sarcoma,
87120/0,Preferred,1,Glomangioma,
87130/0,Preferred,1,Glomuvenous malformation,
87130/0,Synonym,0,Glomangiomyoma,
87140/0,Preferred,1,"Perivascular epithelioid tumour, benign",
87140/0,Synonym,0,"Perivascular epithelioid cell tumour, benign",
87140/0,Synonym,0,"PEComa, benign",
87140/1,Preferred,1,"PEComa, NOS",
87140/1,Synonym,0,"Perivascular epithelioid tumour, NOS",
87140/1,Synonym,0,"Perivascular epithelioid cell tumour, NOS",
87141/1,Preferred,1,PEComatosis,
87140/3,Preferred,1,"Perivascular epithelioid tumour, malignant",
87140/3,Synonym,0,"Perivascular epithelioid cell tumour, malignant",
87140/3,Synonym,0,"PEComa, malignant",
87200/0,Preferred,1,"Pigmented naevus, NOS",C44._
87200/0,Synonym,0,"Naevus, NOS",C44._
87200/0,Synonym,0,Common acquired naevus,C44._
87200/0,Synonym,0,Acqiured melanocytic naevus,C44._
87200/0,Synonym,0,Banal naevus,C44._
87200/0,Synonym,0,"Melanocytic naevus, NOS",C44._
87200/0,Related,0,Conjunctival naevus,C69.0
87201/0,Preferred,1,Hairy naevus,C44._
87202/0,Preferred,1,Naevus spilus,C44._
87202/0,Synonym,0,"Naevus, speckled lentiginous",C44._
87203/0,Preferred,1,Meyerson naevus,C44._
87203/0,Synonym,0,"Naevus, eczematous",C44._
87204/0,Preferred,1,"Combined naevus, NOS",C44._
87204/0,Synonym,0,"Naevus, biphenotypic",C44._
87204/0,Synonym,0,"Naevus, clonal",C44._
87204/0,Synonym,0,Naevus with phenotypic heterogeneity,C44._
87204/0,Synonym,0,Naevus with dermal epithelioid component,C44._
87205/0,Preferred,1,Combined conventional and granular cell melanocytic naevus,
87206/0,Preferred,1,Special-site naevus,
87206/0,Synonym,0,Atypical melanocytic naevus of special site,
87207/0,Preferred,1,"Genital naevus, NOS",
87207/0,Synonym,0,Genital naevocytic naevus,
87207/0,Synonym,0,Naevus of genital tract,
87207/0,Synonym,0,Atypical melanocytic naevus of genital type,
87207/0,Synonym,0,Atypical genital naevus,
87208/0,Preferred,1,Low-grade conjunctival melanocytic intraepithelial lesion,C69.0
87209/0,Preferred,1,"Naevus, circumscribed",
87200/1,Preferred,1,"Melanocytoma, skin",C44._
87200/1,Related,0,Superficial atypical melanocytic proliferation of uncertain significance (SAMPUS) ,C44._
87200/1,Related,0,Melanocytic tumour of uncertain malignant potential (MELTUMP),C44._
87209/1,Preferred,1,"Naevus, diffuse",
8720A/1,Preferred,1,WNT-activated deep penetrating/plexiform melanocytoma (naevus),C44._
8720A/1,Synonym,0,"Melanocytoma, plexiform spindle cell",C44._
8720A/1,Synonym,0,"Melanocytoma, deep penetrating",C44._
8720A/1,Synonym,0,Deep penetrating naevus,C44._
8720A/1,Synonym,0,"Naevus, plexiform spindle cell",C44._
8720B/1,Preferred,1,Combined conventional melanocytic naevus and WNT-activated deep penetrating/plexiform melanocytoma (naevus),
8720C/1,Preferred,1,BAP1-inactivated melanocytoma,C44._
8720C/1,Synonym,0,BAP1-inactivated melanocytic tumour,C44._
8720C/1,Synonym,0,BAP1-inactivated naevus,C44._
8720D/1,Preferred,1,Combined BAP1-inactivated melanocytoma,
87200/2,Preferred,1,Melanoma in situ,
87200/2,Related,0,High-grade conjunctival melanocytic intraepithelial lesion,C69.0
87200/3,Preferred,1,"Melanoma, NOS",
87200/3,Synonym,0,"Malignant melanoma, NOS",
87200/3,Related,0,"Melanoma, meningeal",C70._
8720E/3,Preferred,1,Naevoid melanoma,C44._
8720F/3,Preferred,1,"Mucosal melanoma, NOS",
8720G/3,Preferred,1,Ring melanoma,"C69.3, C69.4"
8720H/3,Preferred,1,Diffuse melanoma,"C69.3, C69.4"
8720J/3,Preferred,1,Retinoinvasive melanoma,C69.3
87210/3,Preferred,1,Nodular melanoma,C44._
87211/3,Preferred,1,Nodular mucosal melanoma,
87220/0,Preferred,1,Balloon cell naevus,C44._
87221/0,Preferred,1,Combined conventional and balloon cell melanocytic naevus,
87220/3,Preferred,1,Balloon cell melanoma,C44._
87230/0,Preferred,1,Halo naevus,C44._
87230/0,Synonym,0,Sutton naevus,
87230/0,Synonym,0,Regressing naevus,C44._
87230/3,Preferred,1,"Melanoma, regressing",C44._
87250/0,Preferred,1,Neuronaevus,C44._
87260/0,Preferred,1,"Melanocytoma, uveal/optic disc/optic nerve","C69.4,C72.3"
87260/0,Synonym,0,"Melanocytoma, uveal",C69.4
87260/0,Synonym,0,Melanocytoma of optic disc and optic nerve,C72.3
87260/0,Synonym,0,Magnocellular naevus,C69.4
87260/0,Synonym,0,"Melanocytoma, eyeball",C69.4
87270/0,Preferred,1,"Dysplastic naevus, NOS",C44._
87270/0,Synonym,0,"Naevus, dysplastic melanocytic",C44._
87270/0,Synonym,0,Naevus with architectural disorder and cytological atypia,C44._
87270/0,Synonym,0,Naevus with architectural and cytological atypia,C44._
87271/0,Preferred,1,MITF pathway-activated melanocytic tumour,C44._
87272/0,Preferred,1,Clear Cell tumour with Melanocytic Differentiation and ACTIN::MITF Translocation,
87272/0,Synonym,0,CCTMAM,
87273/0,Preferred,1,Clear Cell tumour with Melanocytic Differentiation and MITF::CREM Translocation,
87273/0,Synonym,0,CCTMMC,
87280/0,Preferred,1,Meningeal melanocytosis,C70._
87280/0,Related,0,Diffuse melanocytosis,C70._
87280/1,Preferred,1,Meningeal melanocytoma,C70._
87280/3,Preferred,1,Meningeal melanomatosis,C70._
87300/0,Preferred,1,Nonpigmented naevus,C44._
87300/0,Synonym,0,Achromic naevus,C44._
87300/3,Preferred,1,Amelanotic melanoma,C44._
87400/0,Preferred,1,"Junctional naevus, NOS",C44._
87400/0,Synonym,0,Intraepidermal naevus,C44._
87400/0,Synonym,0,Junction naevus,C44._
87400/0,Synonym,0,Junctional/predominantly junctional naevus,
87401/0,Preferred,1,Lentiginous junctional naevus,
87400/3,Preferred,1,Melanoma in junctional naevus,C44._
87410/2,Preferred,1,"Precancerous melanosis, NOS",C44._
87410/3,Preferred,1,Melanoma in precancerous melanosis,C44._
87420/0,Preferred,1,Lentiginous melanocytic naevus,C44._
87420/0,Synonym,0,"Lentiginous naevus, NOS",C44._
87420/0,Synonym,0,Simple lentigo,C44._
87420/0,Synonym,0,Lentigo simplex,C44._
87420/2,Preferred,1,Lentigo maligna melanoma in situ,
87420/2,Synonym,0,"Lentigo maligna, NOS",C44._
87420/2,Synonym,0,"Hutchinson melanotic freckle, NOS",C44._
87420/3,Preferred,1,"Lentigo maligna melanoma, NOS",C44._
87420/3,Synonym,0,Melanoma in Hutchinson melanotic freckle,C44._
87421/3,Preferred,1,High cumulative sun damage melanoma,C44._
87421/3,Synonym,0,High-CSD melanoma,C44._
87430/2,Preferred,1,Low cumulative sun damage melanoma in situ,C44._
87430/2,Synonym,0,Low-CSD melanoma in situ,C44._
87431/2,Preferred,1,Superficial spreading melanoma in situ,C44._
87430/3,Preferred,1,"Low cumulative sun damage melanoma, NOS",C44._
87430/3,Synonym,0,"Low-CSD melanoma, NOS",C44._
87430/3,Synonym,0,Conventional low-CSD melanoma,C44._
87431/3,Preferred,1,"Superficial spreading melanoma, NOS",C44._
87440/0,Preferred,1,Acral naevus,C44._
87440/0,Synonym,0,Melanocytic acral naevus with intraepidermal ascent of cells,C44._
87440/0,Synonym,0,MANIAC,C44._
87441/0,Preferred,1,"Naevus, nail matrix",C44._
87440/3,Preferred,1,"Acral melanoma, NOS",C44._
87440/3,Synonym,0,"Acral lentiginous melanoma, NOS",C44._
87440/3,Synonym,0,"Acral lentiginous melanoma, malignant",C44._
87442/3,Preferred,1,"Acral melanoma, desmoplastic",C44._
87443/3,Preferred,1,"Melanoma, subungual",C44._
87443/3,Synonym,0,"Melanoma, nail apparatus",C44._
87450/3,Preferred,1,"Desmoplastic melanoma, NOS",C44._
87451/3,Preferred,1,"Desmoplastic melanoma, pure",
87452/3,Preferred,1,"Desmoplastic melanoma, combined",
87452/3,Synonym,0,"Desmoplastic melanoma, mixed",
87453/3,Preferred,1,"Desmoplastic melanoma, amelanotic",C44._
87454/3,Preferred,1,Neurotropic melanoma,C44._
87454/3,Synonym,0,Desmoplastic neurotropic melanoma,
87455/3,Preferred,1,Desmoplastic mucosal melanoma,
87460/3,Preferred,1,Mucosal lentiginous melanoma,
87500/0,Preferred,1,Dermal naevus,C44._
87500/0,Synonym,0,Intradermal naevus,C44._
87500/0,Synonym,0,Stromal naevus,
87500/0,Synonym,0,"Naevus, subepithelial",
87500/3,Preferred,1,"Melanoma, dermal",
87600/0,Preferred,1,Compound naevus,C44._
87600/0,Synonym,0,Dermal and epidermal naevus,C44._
87601/0,Preferred,1,Lentiginous compound naevus,
87610/0,Preferred,1,"Congenital melanocytic naevus, NOS",C44._
87610/0,Synonym,0,"Congenital naevus, NOS",C44._
87610/0,Synonym,0,Congenital naevocytic naevus,C44._
87610/0,Synonym,0,Congenital naevus syndrome,C44._
87610/0,Synonym,0,Neurocutaneous melanosis,C44._
87611/0,Preferred,1,Congenital naevus present at birth,C44._
87612/0,Preferred,1,"Congenital naevus, late/tardive",C44._
87610/1,Preferred,1,"Giant pigmented naevus, NOS",C44._
87610/1,Synonym,0,Giant naevus,C44._
87613/1,Preferred,1,Intermediate and giant congenital naevus,C44._
87610/3,Preferred,1,Melanoma arising in giant congenital naevus,C44._
87610/3,Synonym,0,"Melanoma in large, bathing-trunk, or garment-like congenital naevus",C44._
87610/3,Synonym,0,Melanoma in giant pigmented naevus,C44._
87610/3,Synonym,0,Melanoma in congenital melanocytic naevus,C44._
87610/3,Synonym,0,"Melanoma, congenital naevus-associated",C44._
87620/1,Preferred,1,Proliferative nodules in congenital melanocytic naevus,C44._
87620/1,Synonym,0,Proliferative dermal lesion in congenital naevus,C44._
87620/1,Synonym,0,Atypical proliferative nodules,C44._
87700/0,Preferred,1,"Spitz naevus, NOS",C44._
87700/0,Synonym,0,Epithelioid and spindle cell naevus,C44._
87700/0,Synonym,0,Juvenile melanoma,C44._
87700/0,Synonym,0,Juvenile naevus,C44._
87701/0,Preferred,1,Spitz naevus with ALK fusion,C44._
87702/0,Preferred,1,Spitz naevus with ROS1 fusion,C44._
87703/0,Preferred,1,Spitz naevus with NTRK1 fusion,C44._
87704/0,Preferred,1,Spitz naevus with NTRK3 fusion,C44._
87705/0,Preferred,1,Spitz naevus with BRAF fusion,C44._
87706/0,Preferred,1,Spitz naevus with HRAS mutation,C44._
87707/0,Preferred,1,Spitz naevus with PRKAR1A inactivation as a secondary event,C44._
87708/0,Preferred,1,Spitz naevus with MAP3K8 fusion,C44._
87709/0,Preferred,1,Spitz naevus with RET fusion,C44._
8770A/0,Preferred,1,"Pigmented spindle cell naevus, NOS",C44._
8770A/0,Synonym,0,Pigmented spindle cell Spitz naevus,C44._
8770A/0,Synonym,0,Naevus of Reed,C44._
8770A/0,Synonym,0,Pigmented spindle cell naevus of Reed,C44._
8770B/0,Preferred,1,Inflamed juvenile conjunctival naevus,C69.0
8770B/0,Synonym,0,Inflamed juvenile naevus,
8770C/0,Preferred,1,Atypical pigmented spindle cell tumour,
87700/1,Preferred,1,"Spitz melanocytoma, NOS",C44._
87700/1,Synonym,0,Spitz tumour of uncertain malignant potential,C44._
87700/1,Synonym,0,"Spitz naevus, atypical",C44._
87700/1,Synonym,0,"Spitz tumour, atypical",C44._
87701/1,Preferred,1,Spitz melanocytoma with ALK fusion,C44._
87702/1,Preferred,1,Spitz melanocytoma with ROS1 fusion,C44._
87703/1,Preferred,1,Spitz melanocytoma with NTRK1 fusion,C44._
87704/1,Preferred,1,Spitz melanocytoma with NTRK3 fusion,C44._
87705/1,Preferred,1,Spitz melanocytoma with BRAF fusion,C44._
87706/1,Preferred,1,Spitz melanocytoma with HRAS mutation,C44._
87707/1,Preferred,1,Spitz melanocytoma with PRKAR1A inactivation as a secondary event,C44._
87708/1,Preferred,1,Spitz melanocytoma with MAP3K8 fusion,C44._
87709/1,Preferred,1,Spitz melanocytoma with RET fusion,C44._
87700/3,Preferred,1,"Spitz melanoma, NOS",C44._
87700/3,Synonym,0,Malignant Spitz tumour,C44._
87700/3,Synonym,0,Spitzoid melanoma,C44._
87701/3,Preferred,1,Spitz melanoma with ALK fusion,C44._
87702/3,Preferred,1,Spitz melanoma with ROS1 fusion,C44._
87703/3,Preferred,1,Spitz melanoma with NTRK1 fusion,C44._
87704/3,Preferred,1,Spitz melanoma with NTRK3 fusion,C44._
87705/3,Preferred,1,Spitz melanoma with BRAF fusion,C44._
87706/3,Preferred,1,Spitz melanoma with HRAS mutation,C44._
87707/3,Preferred,1,Spitz melanoma with PRKAR1A inactivation as a secondary event,C44._
87708/3,Preferred,1,Spitz melanoma with MAP3K8 fusion,C44._
87709/3,Preferred,1,Spitz melanoma with RET fusion,C44._
8770D/3,Preferred,1,Mixed epithelioid and spindle cell melanoma,
87710/0,Preferred,1,Epithelioid cell naevus,C44._
87710/3,Preferred,1,Epithelioid cell melanoma,
87720/0,Preferred,1,"Spindle cell naevus, NOS",C44._
87720/3,Preferred,1,"Spindle cell melanoma, NOS",
87730/3,Preferred,1,"Spindle cell melanoma, type A",C69._
87740/3,Preferred,1,"Spindle cell melanoma, type B",C69._
87800/0,Preferred,1,"Blue naevus, NOS",C44._
87801/0,Preferred,1,"Blue naevus, dendritic",C44._
87801/0,Synonym,0,Jadassohn blue naevus,C44._
87801/0,Synonym,0,Common blue naevus,C44._
87801/0,Synonym,0,Dermal dendritic melanocytic naevus,C44._
87801/0,Synonym,0,Naevus of Jadassohn,C44._
87801/0,Synonym,0,Tièche naevus,C44._
87801/0,Synonym,0,Jadassohn-Tièche blue naevus,C44._
87802/0,Preferred,1,Combined conventional and blue melanocytic naevus,C44._
87800/1,Preferred,1,Pigmented epithelioid melanocytoma,C44._
87800/1,Synonym,0,"Melanocytoma, PRKAR1A-inactivated",C44._
87800/1,Synonym,0,"Blue naevus, epithelioid",C44._
87800/3,Preferred,1,Melanoma arising in blue naevus,C44._
87800/3,Synonym,0,"Blue naevus, malignant",C44._
87900/0,Preferred,1,Cellular blue naevus,C44._
88000/0,Preferred,1,"Soft tissue tumour, benign",
88000/1,Preferred,1,"Soft tissue tumour, uncertain if benign or malignant",
88000/3,Preferred,1,"Sarcoma, NOS",
88000/3,Synonym,0,"Mesenchymal tumour, malignant",
88000/3,Synonym,0,Soft tissue sarcoma,
88000/3,Synonym,0,"Soft tissue tumour, malignant",
88000/9,Preferred,1,"Sarcomatosis, NOS",
88010/3,Preferred,1,"Spindle cell sarcoma, undifferentiated",
88010/3,Synonym,0,"Spindle cell sarcoma, NOS",
88020/1,Preferred,1,Pleomorphic hyalinizing angiectatic tumour of soft parts,
88020/1,Synonym,0,Pleomorphic hyalinizing angiectatic tumour,
88020/3,Preferred,1,"Pleomorphic sarcoma, undifferentiated",
88020/3,Synonym,0,"Pleomorphic cell sarcoma, undifferentiated",
88020/3,Synonym,0,Pleomorphic cell sarcoma,
88020/3,Synonym,0,"Pleomorphic sarcoma, NOS",
88020/3,Synonym,0,"Giant cell sarcoma, NOS",
88021/3,Preferred,1,Pleomorphic dermal sarcoma,C44._
88022/3,Preferred,1,Anaplastic sarcoma of kidney,C64.9
88022/3,Synonym,0,DICER1 sarcoma of kidney,C64.9
88030/3,Preferred,1,"Round cell sarcoma, undifferentiated",
88030/3,Synonym,0,Small cell sarcoma,
88030/3,Synonym,0,"Round cell sarcoma, NOS",
88040/3,Preferred,1,"Epithelioid sarcoma, NOS",
88040/3,Synonym,0,Epithelioid cell sarcoma,
88041/3,Preferred,1,"Epithelioid sarcoma, undifferentiated",
88042/3,Preferred,1,"Epithelioid sarcoma, classic",
88042/3,Synonym,0,"Epithelioid sarcoma, conventional",
88042/3,Synonym,0,"Epithelioid sarcoma, distal-type",
88042/3,Synonym,0,"Epithelioid sarcoma, distal",
88043/3,Preferred,1,"Epithelioid sarcoma, proximal-type",
88043/3,Synonym,0,"Epithelioid sarcoma, proximal",
88043/3,Synonym,0,"Epithelioid sarcoma, large cell",
88050/3,Preferred,1,"Undifferentiated sarcoma, NOS",
88060/3,Preferred,1,Desmoplastic small round cell tumour,
88060/3,Synonym,0,Intra-abdominal desmoplastic round cell tumour,
88060/3,Synonym,0,Polyphenotypic small round cell tumour,
88100/0,Preferred,1,"Fibroma, NOS",
88101/0,Preferred,1,Desmoplastic fibroblastoma,
88101/0,Synonym,0,Collagenous fibroma,
88102/0,Preferred,1,Gardner fibroma,
88102/0,Synonym,0,Gardner-associated fibroma,
88103/0,Preferred,1,Nuchal-type fibroma,
88103/0,Synonym,0,Nuchal fibroma,
88104/0,Preferred,1,Plaque-like CD34-positive dermal fibroma,C44._
88104/0,Synonym,0,Medallion-like dermal dendrocyte hamartoma,
88105/0,Preferred,1,Prepubertal fibroma,
88106/0,Preferred,1,Fibroblastic connective tissue naevus,
88107/0,Preferred,1,SMAD3-rearranged fibroblastic tumour,
88107/0,Synonym,0,EWSR1::SMAD3-rearranged fibroblastic tumour,
88107/0,Synonym,0,EWSR1::SMAD3-positive fibroblastic tumour,
88107/0,Synonym,0,Acral fibroblastic spindle cell neoplasm,
88108/0,Preferred,1,Onychomatricoma,"C44.6, C44.7"
88108/0,Synonym,0,Onychomatrixoma,"C44.6, C44.7"
88100/1,Preferred,1,Cellular fibroma,C56.9
88104/1,Preferred,1,Superficial CD34-positive fibroblastic tumour,
88104/1,Synonym,0,PRDM10-rearranged soft tissue tumour,
88100/3,Preferred,1,"Fibrosarcoma, NOS",
88109/3,Preferred,1,"Fibrosarcoma, adult",
88110/0,Preferred,1,"Fibromyxoma, NOS",
88110/0,Synonym,0,"Myxofibroma, NOS",
88110/0,Synonym,0,Myxoid fibroma,
88111/0,Preferred,1,Plexiform fibromyxoma,C16._
88111/0,Synonym,0,Plexiform angiomyxoid myofibroblastic tumour,C16._
88112/0,Preferred,1,Acral fibromyxoma,
88112/0,Synonym,0,Superficial acral fibromyxoma,
88112/0,Synonym,0,Digital fibromyxoma,
88110/1,Preferred,1,Myxoinflammatory fibroblastic sarcoma,
88110/1,Synonym,0,Atypical myxoinflammatory fibroblastic tumour,
88113/1,Preferred,1,Haemosiderotic fibrolipomatous tumour,
88113/1,Synonym,0,Haemosiderotic fibrohistiocytic lipomatous lesion,
88110/3,Preferred,1,"Myxofibrosarcoma, NOS",
88110/3,Synonym,0,Fibromyxosarcoma,
88114/3,Preferred,1,Epithelioid myxofibrosarcoma,
88120/0,Preferred,1,Periosteal fibroma,"C40._, C41._"
88120/3,Preferred,1,Periosteal fibrosarcoma,"C40._, C41._"
88121/3,Preferred,1,"Periosteal sarcoma, NOS","C40._, C41._"
88130/0,Preferred,1,Fibroma of tendon sheath,
88130/0,Synonym,0,Fascial fibroma,
88130/1,Preferred,1,Superficial fibromatosis,
88130/1,Synonym,0,Palmar/plantar fibromatosis,
88130/1,Synonym,0,Palmar/plantar-type fibromatosis,
88130/1,Related,0,Palmar fibromatosis,C49.1
88130/1,Synonym,0,Dupuytren disease,C49.1
88130/1,Synonym,0,Dupuytren contracture,C49.1
88130/1,Related,0,Plantar fibromatosis,C49.2
88130/1,Synonym,0,Ledderhose disease,C49.2
88130/1,Related,0,Penile fibromatosis,C60._
88130/1,Synonym,0,Peyronie disease,C60._
88130/3,Preferred,1,Fascial fibrosarcoma,
88140/0,Preferred,1,Inclusion body fibromatosis,
88140/0,Synonym,0,Infantile digital fibrosis/fibroma,
88140/0,Synonym,0,Recurring digital fibrosis/fibrous tumour of childhood,
88141/0,Preferred,1,Classic (digital) inclusion body fibromatosis,
88142/0,Preferred,1,Non-classic (extradigital) inclusion body fibromatosis,
88140/3,Preferred,1,Infantile fibrosarcoma,
88140/3,Synonym,0,Congenital fibrosarcoma,
88140/3,Synonym,0,Infantile fibrosarcoma-like tumour,
88140/3,Synonym,0,Cellular congenital mesoblastic nephroma,C64.9
88140/3,Synonym,0,Cellular mesoblastic nephroma,C64.9
88150/0,Preferred,1,"Solitary fibrous tumour, grade 1",
88150/0,Synonym,0,"Solitary fibrous tumour/Haemangiopericytoma, grade 1",
88150/0,Synonym,0,"Solitary fibrous tumour, benign",
88150/0,Synonym,0,"Haemangiopericytoma, benign",
88150/1,Preferred,1,"Solitary fibrous tumour, NOS",
88150/1,Synonym,0,"Haemangiopericytoma, NOS",
88150/1,Related,0,Localized fibrous tumour,
88151/1,Preferred,1,"Solitary fibrous tumour, grade 2",
88151/1,Synonym,0,"Solitary fibrous tumour/Haemangiopericytoma, grade 2",
88151/1,Related,0,Haemangiopericytic meningioma,C70._
88152/1,Preferred,1,"Solitary fibrous tumour, lipomatous",
88152/1,Synonym,0,"Solitary fibrous tumour, fat-forming",
88153/1,Preferred,1,"Solitary fibrous tumour, giant cell-rich",
88150/3,Preferred,1,"Solitary fibrous tumour, malignant",
88150/3,Synonym,0,"Solitary fibrous tumour, grade 3",
88150/3,Synonym,0,"Solitary fibrous tumour/Haemangiopericytoma, grade 3",
88150/3,Synonym,0,"Haemangiopericytoma, malignant",
88151/3,Preferred,1,"Solitary fibrous tumour, dedifferentiated",
88151/3,Synonym,0,"Solitary fibrous tumour, anaplastic",
88160/0,Preferred,1,Calcifying aponeurotic fibroma,
88160/0,Synonym,0,Aponeurotic fibroma,
88160/0,Synonym,0,Juvenile aponeurotic fibroma,
88170/0,Preferred,1,Calcifying fibrous tumour,
88180/0,Preferred,1,"Fibrous dysplasia, NOS",
88181/0,Preferred,1,"Fibrous dysplasia, monostotic",
88182/0,Preferred,1,"Fibrous dysplasia, polyostotic",
88183/0,Preferred,1,"Fibrous dysplasia, craniofacial",
88200/0,Preferred,1,Elastofibroma,
88200/0,Synonym,0,Elastofibroma dorsi,
88201/0,Preferred,1,"Fibroelastoma, papillary",
88210/1,Preferred,1,Desmoid fibromatosis,
88210/1,Synonym,0,Aggressive fibromatosis,
88210/1,Synonym,0,Aggressive/deep fibromatosis,
88210/1,Synonym,0,Desmoid-type fibromatosis,
88210/1,Synonym,0,"Desmoid, NOS",
88210/1,Synonym,0,"Desmoid tumour, NOS",
88210/1,Synonym,0,Extra-abdominal desmoid,
88210/1,Synonym,0,Invasive fibroma,
88210/1,Synonym,0,Musculoaponeurotic fibromatosis,
88220/1,Preferred,1,Abdominal fibromatosis,
88220/1,Synonym,0,Abdominal desmoid,
88220/1,Related,0,Mesenteric fibromatosis,C48.1
88220/1,Related,0,Retroperitoneal fibromatosis,C48.0
88230/0,Preferred,1,Sclerotic fibroma,
88230/0,Synonym,0,Storiform collagenoma,
88230/1,Preferred,1,Desmoplastic fibroma,
88240/0,Preferred,1,Myofibroma,
88240/0,Synonym,0,Solitary myofibroma,
88243/0,Preferred,1,Dermatomyofibroma,
88244/0,Preferred,1,Myopericytoma,
88246/0,Preferred,1,Glomangiopericytoma,
88240/1,Preferred,1,"Myofibromatosis, NOS",
88241/1,Preferred,1,"Myofibromatosis, multicentric",
88241/1,Synonym,0,Infantile myofibromatosis,
88241/1,Synonym,0,Congenital generalized fibromatosis,
88242/1,Preferred,1,Generalized myofibromatosis (with visceral involvement),
88244/1,Preferred,1,"Myopericytomatosis, NOS",
88244/1,Synonym,0,Multicentric myopericytomatosis,
88245/1,Preferred,1,Intravascular myopericytoma,
88250/0,Preferred,1,"Myofibroblastoma, NOS",
88250/0,Synonym,0,"Myofibroblastoma, mammary-type",
88252/0,Preferred,1,"Myofibroblastoma, superficial",
88253/0,Preferred,1,Intranodal palisaded myofibroblastoma,
88253/0,Synonym,0,Intranodal/nodal myofibroblastoma,
88253/0,Synonym,0,Nodal myofibroblastoma,
88253/0,Synonym,0,Palisaded myofibroblastoma,
88250/1,Preferred,1,"Myofibroblastic tumour, NOS",
88254/1,Preferred,1,Inflammatory myofibroblastic tumor,
88254/1,Synonym,0,Inflammatory pseudotumour,
88255/1,Preferred,1,Epithelioid inflammatory myofibroblastic tumour,
88255/1,Synonym,0,Epithelioid inflammatory myofibroblastic sarcoma,
88250/3,Preferred,1,"Myofibroblastic sarcoma, NOS",
88250/3,Synonym,0,Myofibrosarcoma,
88251/3,Preferred,1,"Myofibroblastic sarcoma, low-grade",
88260/0,Preferred,1,Angiomyofibroblastoma,
88270/1,Preferred,1,Congenital peribronchial myofibroblastic tumour,C34._
88270/1,Synonym,0,"Myofibroblastic tumour, peribronchial",C34._
88280/0,Preferred,1,Nodular fasciitis,
88281/0,Preferred,1,Cranial fasciitis,
88282/0,Preferred,1,Intravascular fasciitis,
88283/0,Preferred,1,Proliferative fasciitis,
88284/0,Preferred,1,Proliferative myositis,
88300/0,Preferred,1,"Benign fibrous histiocytoma, NOS",
88300/0,Synonym,0,"Fibrous histiocytoma, NOS",
88300/0,Synonym,0,"Fibroxanthoma, NOS",
88300/0,Synonym,0,Xanthofibroma,
88301/0,Preferred,1,Epithelioid fibrous histiocytoma,
88301/0,Synonym,0,Epithelioid cell histiocytoma,
88302/0,Preferred,1,Non-ossifying fibroma,
88303/0,Preferred,1,Cellular fibrous histiocytoma,
88304/0,Preferred,1,Aneurysmal fibrous histiocytoma,
88300/1,Preferred,1,Atypical fibroxanthoma,
88300/1,Synonym,0,Atypical fibrous histiocytoma,
88300/3,Preferred,1,Undifferentiated high-grade pleomorphic sarcoma of bone,"C40._, C41._"
88300/3,Synonym,0,Malignant fibrous histiocytoma,
88300/3,Synonym,0,"Fibroxanthoma, malignant",
88310/0,Preferred,1,"Histiocytoma, NOS",
88311/0,Preferred,1,Deep fibrous histiocytoma,
88311/0,Synonym,0,Deep histiocytoma,
88311/0,Synonym,0,Deep benign fibrous histiocytoma,
88312/0,Preferred,1,Juvenile histiocytoma,
88313/0,Preferred,1,"Reticulohistiocytosis, NOS",
88314/0,Preferred,1,"Reticulohistiocytosis, single system/single focal",
88314/0,Synonym,0,Reticulohistiocytoma,
88315/0,Preferred,1,"Reticulohistiocytosis, multifocal",
88315/0,Related,0,"Reticulohistiocytosis, generalized cutaneous",C44._
88316/0,Preferred,1,"Reticulohistiocytosis, multicentric",
88313/3,Preferred,1,Reticulohistiocytosis with an associated haematological neoplasm  ,
88320/0,Preferred,1,"Dermatofibroma, NOS",C44._
88320/0,Synonym,0,"Cutaneous histiocytoma, NOS",C44._
88320/0,Synonym,0,Dermatofibroma lenticulare,C44._
88320/0,Synonym,0,Subepidermal nodular fibrosis,C44._
88321/0,Preferred,1,"Dermatofibroma, classic",C44._
88322/0,Preferred,1,"Dermatofibroma, cellular",C44._
88323/0,Preferred,1,"Dermatofibroma, aneurysmal",C44._
88324/0,Preferred,1,"Dermatofibroma, atypical",C44._
88327/0,Preferred,1,Sclerosing pneumocytoma,C34._
88327/0,Synonym,0,Sclerosing haemangioma,C44._
88328/0,Preferred,1,Pleomorphic fibroma,C44._
88320/1,Preferred,1,"Dermatofibrosarcoma protuberans, NOS",C44._
88320/1,Synonym,0,"Dermatofibrosarcoma, NOS",C44._
88321/1,Preferred,1,"Dermatofibrosarcoma protuberans, classic",C44._
88325/1,Preferred,1,Myxoid dermatofibrosarcoma protuberans,C44._
88326/1,Preferred,1,Dermatofibrosarcoma protuberans with myoid differentiation,C44._
88327/1,Preferred,1,Plaque-like dermatofibrosarcoma protuberans,C44._
88320/3,Preferred,1,Dermatofibrosarcoma protuberans with fibrosarcomatous transformation,C44._
88320/3,Synonym,0,"Dermatofibrosarcoma protuberans, fibrosarcomatous",C44._
88320/3,Synonym,0,"Dermatofibrosarcoma, sarcomatous",C44._
88330/1,Preferred,1,Pigmented dermatofibrosarcoma protuberans,C44._
88330/1,Synonym,0,Bednar tumour,C44._
88340/1,Preferred,1,Giant cell fibroblastoma,
88350/1,Preferred,1,Plexiform fibrohistiocytic tumour,
88360/1,Preferred,1,Angiomatoid fibrous histiocytoma,
88360/3,Preferred,1,Angiomatoid malignant fibrous histiocytoma,
88400/0,Preferred,1,"Myxoma, NOS",
88401/0,Preferred,1,Juxta-articular myxoma,
88401/0,Synonym,0,Periarticular myxoma,
88402/0,Preferred,1,Intramuscular myxoma,
88402/0,Synonym,0,Cellular myxoma,
88400/3,Preferred,1,Myxosarcoma,
88403/3,Preferred,1,Low-grade fibromyxoid sarcoma,
88404/3,Preferred,1,Sclerosing epithelioid fibrosarcoma,
88410/0,Preferred,1,"Angiomyxoma, NOS",
88411/0,Preferred,1,Deep (aggressive) angiomyxoma,
88411/0,Synonym,0,Deep angiomyxoma,
88411/0,Synonym,0,Aggressive angiomyxoma,
88412/0,Preferred,1,"Myxoma, cutaneous ",C44._
88412/0,Synonym,0,Superficial angiomyxoma,
88420/0,Preferred,1,"Ossifying fibromyxoid tumour, NOS",
88420/3,Preferred,1,"Ossifying fibromyxoid tumour, malignant",
88421/3,Preferred,1,Pulmonary myxoid sarcoma with EWSR1::CREB1 fusion,C34._
88421/3,Synonym,0,Pulmonary myxoid sarcoma with EWSR1::CREB1 translocation,C34._
88421/3,Synonym,0,Primary pulmonary myxoid sarcoma,C34._
88500/0,Preferred,1,"Lipoma, NOS",
88501/0,Preferred,1,Thymolipoma,C37.9
88502/0,Preferred,1,Sialolipoma,
88503/0,Preferred,1,"Lipoadenoma, oncocytic",
88504/0,Preferred,1,Lipomatous hypertrophy of atrial septum,C38.0
88500/1,Preferred,1,Atypical lipomatous tumour,
88500/1,Synonym,0,Atypical lipoma,
88500/1,Synonym,0,"Liposarcoma, well-differentiated, superficial",
88500/3,Preferred,1,"Liposarcoma, NOS",
88500/3,Synonym,0,Fibroliposarcoma,
88510/0,Preferred,1,Fibrolipoma,
88510/1,Preferred,1,Lipofibromatosis,
88510/3,Preferred,1,"Liposarcoma, well-differentiated, NOS",
88510/3,Synonym,0,"Liposarcoma, differentiated",
88511/3,Preferred,1,Lipoma-like liposarcoma,
88512/3,Preferred,1,Inflammatory liposarcoma,
88513/3,Preferred,1,Sclerosing liposarcoma,
88520/0,Preferred,1,Fibromyxolipoma,
88520/0,Synonym,0,Myxolipoma,
88520/3,Preferred,1,Myxoid liposarcoma,
88520/3,Synonym,0,Myxoliposarcoma,
88520/3,Synonym,0,Round cell liposarcoma,
88540/3,Preferred,1,"Pleomorphic liposarcoma, NOS",
88541/3,Preferred,1,"Pleomorphic liposarcoma, epithelioid",
88541/3,Synonym,0,Epithelioid liposarcoma,
88550/3,Preferred,1,Mixed liposarcoma,
88560/0,Preferred,1,Intramuscular lipoma,
88560/0,Synonym,0,Infiltrating lipoma,
88561/0,Preferred,1,Infiltrating angiolipoma,
88570/0,Preferred,1,Spindle cell/pleomorphic lipoma,
88570/0,Synonym,0,Spindle cell lipoma,
88570/0,Synonym,0,Pleomorphic lipoma,
88571/0,Preferred,1,Atypical spindle cell/pleomorphic lipomatous tumour,
88571/0,Synonym,0,Atypical spindle cell lipoma,
88570/3,Preferred,1,Fibroblastic liposarcoma,
88580/3,Preferred,1,Dedifferentiated liposarcoma,
88590/3,Preferred,1,Myxoid pleomorphic liposarcoma,
88590/3,Synonym,0,Pleomorphic myxoid liposarcoma,
88600/0,Preferred,1,"Angiomyolipoma, NOS",
88600/0,Related,0,PEComa of kidney,C64.9
88601/0,Preferred,1,"Angiomyolipoma, inflammatory subtype",
88602/0,Preferred,1,"Angiomyolipoma, oncocytic",
88603/0,Preferred,1,Angiomyolipoma with epithelial cysts,
88604/0,Preferred,1,Sclerosing PEComa/angiomyolipoma,
88604/0,Synonym,0,Sclerosing PEComa,
88600/1,Preferred,1,"Angiomyolipoma, epithelioid, NOS",
88600/1,Synonym,0,"Angiomyolipoma, monotypic epithelioid",
88600/1,Related,0,Epithelioid PEComa of kidney,C64.9
88600/3,Preferred,1,"Angiomyolipoma, epithelioid, malignant",
88610/0,Preferred,1,"Angiolipoma, NOS",
88611/0,Preferred,1,"Angiolipoma, cellular",
88620/0,Preferred,1,Chondrolipoma,
88620/0,Synonym,0,Chondroid lipoma,
88621/0,Preferred,1,Osteolipoma,
88700/0,Preferred,1,Myelolipoma,
88800/0,Preferred,1,Hibernoma,
88800/0,Synonym,0,Brown fat tumour,
88800/0,Synonym,0,Fetal fat cell lipoma,
88810/0,Preferred,1,Lipoblastomatosis,
88810/0,Synonym,0,Fetal lipomatosis,
88811/0,Preferred,1,Lipoblastoma,
88811/0,Synonym,0,"Fetal lipoma, NOS",
88812/0,Preferred,1,Lipoblastoma-like tumour,C51._
88900/0,Preferred,1,"Leiomyoma, NOS",
88900/0,Synonym,0,Fibromyoma,
88900/0,Synonym,0,Leiomyofibroma,
88900/0,Related,0,Fibroid uterus,C55.9
88900/0,Related,0,Piloleiomyoma,C44._
88904/0,Preferred,1,Lipoleiomyoma,
88904/0,Synonym,0,Lipomatous leiomyoma,
88904/0,Synonym,0,Myolipoma,
88905/0,Preferred,1,Plexiform leiomyoma,
88906/0,Preferred,1,"Leiomyoma, apoplectic",
88907/0,Preferred,1,"Leiomyoma, hydropic",
88908/0,Preferred,1,Cotyledonoid/dissecting leiomyoma,
88908/0,Synonym,0,Cotyledonoid leiomyoma,
88908/0,Synonym,0,Dissecting leiomyoma,
88909/0,Preferred,1,Mesectodermal leiomyoma,C69.4
88909/0,Synonym,0,Mesoectodermal leiomyoma,C69.4
8890A/0,Preferred,1,Mitotically active leiomyoma,
8890B/0,Preferred,1,Fumarate hydratase-deficient leiomyoma,
88900/1,Preferred,1,"Leiomyomatosis, NOS",
88901/1,Preferred,1,"Leiomyomatosis, diffuse",
88902/1,Preferred,1,Leiomyomatosis peritonealis disseminata,
88902/1,Synonym,0,Disseminated peritoneal leiomyomatosis,
88903/1,Preferred,1,Intravenous leiomyomatosis,
88903/1,Synonym,0,Intravascular leiomyomatosis,
88900/3,Preferred,1,"Leiomyosarcoma, NOS",
88900/3,Synonym,0,Spindle leiomyosarcoma,
8890C/3,Preferred,1,"Leiomyosarcoma, inflammatory",
88910/0,Preferred,1,Epithelioid leiomyoma,
88910/0,Synonym,0,Leiomyoblastoma,
88910/1,Preferred,1,"Smooth muscle tumour of uncertain malignant potential, epithelioid",
88910/3,Preferred,1,Epithelioid leiomyosarcoma,
88920/0,Preferred,1,Cellular leiomyoma,
88930/0,Preferred,1,Leiomyoma with bizarre nuclei,
88930/0,Synonym,0,Bizarre leiomyoma,
88930/0,Synonym,0,Atypical leiomyoma,
88930/0,Synonym,0,Pleomorphic leiomyoma,
88930/0,Synonym,0,Symplastic leiomyoma,
88940/0,Preferred,1,"Angioleiomyoma, NOS",
88940/0,Synonym,0,Angiomyoma,
88940/0,Synonym,0,Vascular leiomyoma,
88941/0,Preferred,1,"Angioleiomyoma, solid",
88942/0,Preferred,1,"Angioleiomyoma, venous",
88943/0,Preferred,1,"Angioleiomyoma, cavernous",
88940/3,Preferred,1,Angiomyosarcoma,
88950/0,Preferred,1,Myoma,
88950/3,Preferred,1,Myosarcoma,
88960/0,Preferred,1,Myxoid leiomyoma,
88960/1,Preferred,1,"Smooth muscle tumour of uncertain malignant potential, myxoid",
88960/3,Preferred,1,Myxoid leiomyosarcoma,
88970/1,Preferred,1,"Smooth muscle tumour of uncertain malignant potential, NOS",
88970/1,Synonym,0,"Smooth muscle tumour, atypical",
88970/1,Synonym,0,Spindle smooth muscle tumour of uncertain malignant potential,
88971/1,Preferred,1,Atypical intradermal smooth muscle neoplasm,C44._
88971/1,Synonym,0,"Leiomyosarcoma, cutaneous",C44._
88971/1,Synonym,0,Piloleiomyosarcoma,C44._
88972/1,Preferred,1,EBV-associated smooth muscle tumour,
88973/1,Preferred,1,"Smooth muscle tumour, NOS",
88980/1,Preferred,1,Metastasizing leiomyoma,
89000/0,Preferred,1,"Rhabdomyoma, NOS",
89000/0,Synonym,0,"Rhabdomyoma, extracardiac",
89000/3,Preferred,1,"Rhabdomyosarcoma, NOS",
89000/3,Synonym,0,Rhabdosarcoma,
89001/3,Preferred,1,Rhabdomyosarcoma with TFCP2 rearrangement,
89010/3,Preferred,1,"Pleomorphic rhabdomyosarcoma, NOS",
89010/3,Synonym,0,"Rhabdomyosarcoma, pleomorphic-type",
89011/3,Preferred,1,"Pleomorphic rhabdomyosarcoma, adult type",
89020/3,Preferred,1,Mixed type rhabdomyosarcoma,
89020/3,Related,0,Mixed embryonal rhabdomyosarcoma and alveolar rhabdomyosarcoma,
89030/0,Preferred,1,Fetal rhabdomyoma,
89030/0,Synonym,0,Fetal-type rhabdomyoma,
89040/0,Preferred,1,Adult cellular rhabdomyoma,
89040/0,Synonym,0,Adult rhabdomyoma,
89040/0,Synonym,0,Adult-type rhabdomyoma,
89041/0,Preferred,1,Glycogenic rhabdomyoma,
89050/0,Preferred,1,Genital rhabdomyoma,"C51._, C52.9, C53._"
89100/3,Preferred,1,"Embryonal rhabdomyosarcoma, NOS",
89100/3,Synonym,0,"Rhabdomyosarcoma, embryonal type",
89100/3,Synonym,0,Sarcoma botryoides,
89100/3,Synonym,0,Botryoid sarcoma,
89100/3,Synonym,0,Botryoid rhabdomyosarcoma,
89100/3,Synonym,0,Rhabdopoietic sarcoma,
89101/3,Preferred,1,"Embryonal rhabdomyosarcoma, anaplastic",
89120/3,Preferred,1,"Spindle cell/sclerosing rhabdomyosarcoma, NOS",
89120/3,Synonym,0,"Spindle cell rhabdomyosarcoma, NOS",
89120/3,Synonym,0,"Sclerosing rhabdomyosarcoma, NOS",
89120/3,Synonym,0,"Rhabdomyosarcoma, spindle cell/sclerosing type",
89121/3,Preferred,1,Congenital spindle cell rhabdomyosarcoma with VGLL2/NCOA2/CITED2 rearrangements,
89122/3,Preferred,1,MYOD1-mutant spindle cell/sclerosing rhabdomyosarcoma,
89123/3,Preferred,1,Intraosseous spindle cell rhabdomyosarcoma (with TFCP2/NCOA2 rearrangements),"C40._, C41._"
89200/3,Preferred,1,Alveolar rhabdomyosarcoma,
89200/3,Synonym,0,Monomorphous round cell rhabdomyosarcoma,
89210/3,Preferred,1,Ectomesenchymoma,
89210/3,Synonym,0,Rhabdomyosarcoma with ganglionic differentiation,
89300/0,Preferred,1,Endometrial stromal nodule,C54.1
89300/0,Synonym,0,Benign endometrial stromal tumour,C54.1
89300/3,Preferred,1,"Endometrial stromal sarcoma, NOS",C54.1
89300/3,Synonym,0,"Endometrial sarcoma, NOS",C54.1
89301/3,Preferred,1,"Endometrial stromal sarcoma, high-grade",C54.1
89301/3,Synonym,0,"Endometrioid stromal sarcoma, high-grade",
89310/3,Preferred,1,"Endometrial stromal sarcoma, low-grade",C54.1
89310/3,Synonym,0,Endolymphatic stromal myosis,C54.1
89310/3,Synonym,0,"Endometrioid stromal sarcoma, low-grade",
89310/3,Synonym,0,Endometrial stromatosis,C54.1
89310/3,Synonym,0,Stromal endometriosis,C54.1
89310/3,Synonym,0,"Stromal myosis, NOS",C54.1
89320/0,Preferred,1,"Adenomyoma, NOS",
89320/0,Synonym,0,Adenomyomatous polyp,
89320/0,Synonym,0,Endometrioid-type adenomyoma,
89320/0,Synonym,0,Polypoid adenomyoma,
89321/0,Preferred,1,"Adenomyoma, mesonephric-type",
89322/0,Preferred,1,"Adenomyoma, endocervical-type",
89323/0,Preferred,1,Atypical polypoid adenomyoma,
89323/0,Synonym,0,Atypical polypoid adenomyofibroma,
89330/3,Preferred,1,Adenosarcoma,
89330/3,Synonym,0,"Adenosarcoma, mesodermal",
89330/3,Synonym,0,"Adenosarcoma, Müllerian",
89331/3,Preferred,1,Adenosarcoma with stromal overgrowth,
89340/3,Preferred,1,Carcinofibroma,
89350/0,Preferred,1,"Stromal tumour, benign",
89350/1,Preferred,1,"Stromal tumour, NOS",
89351/1,Preferred,1,Metanephric stromal tumour,C64.9
89352/1,Preferred,1,Stromal tumour of uncertain malignant potential,
89350/3,Preferred,1,"Stromal sarcoma, NOS",
89360/3,Preferred,1,Gastrointestinal stromal tumour,
89360/3,Synonym,0,GIST,
89360/3,Synonym,0,Gastrointestinal stromal sarcoma,
89360/3,Synonym,0,Gastrointestinal autonomic nerve tumour,
89360/3,Synonym,0,GANT,
89360/3,Synonym,0,Gastrointestinal pacemaker cell tumour,
89360/3,Related,0,Extragastrointestinal stromal tumour,
89361/3,Preferred,1,Succinate dehydrogenase-deficient gastrointestinal stromal tumour,
89400/0,Preferred,1,"Pleomorphic adenoma, NOS",
89400/0,Synonym,0,"Mixed tumour, NOS",
89400/0,Synonym,0,"Mixed tumour, salivary gland type, NOS","C07.9, C08._"
89400/0,Synonym,0,"Chondroid syringoma, NOS",C44._
89402/0,Preferred,1,"Mixed tumour, apocrine",
89403/0,Preferred,1,"Mixed tumour, eccrine",
89404/0,Preferred,1,Oncocytic pleomorphic adenoma,
89405/0,Preferred,1,Mixed tumour of vagina,C52.9
89400/3,Preferred,1,Metastasizing pleomorphic adenoma,
89401/3,Preferred,1,"Malignant mixed tumour, NOS",
89401/3,Synonym,0,"Malignant mixed tumour, salivary gland type","C07.9, C08._"
89401/3,Synonym,0,Malignant chondroid syringoma,C44._
89410/3,Preferred,1,Carcinoma ex pleomorphic adenoma,"C07.9, C08._"
89410/3,Synonym,0,Carcinoma in pleomorphic adenoma,"C07.9, C08._"
89410/3,Synonym,0,Carcinoma ex benign mixed tumour.,"C07.9, C08._"
89411/3,Preferred,1,Adenocarcinoma ex pleomorphic adenoma,"C07.9, C08._"
89412/3,Preferred,1,Salivary duct carcinoma ex pleomorphic adenoma,"C07.9, C08._"
89413/3,Preferred,1,Myoepithelial carcinoma ex pleomorphic adenoma,"C07.9, C08._"
89414/3,Preferred,1,Mucoepidermoid carcinoma ex pleomorphic adenoma,"C07.9, C08._"
89415/3,Preferred,1,Epithelial-myoepithelial carcinoma ex pleomorphic adenoma,"C07.9, C08._"
89416/3,Preferred,1,Basal cell carcinoma ex pleomorphic adenoma,"C07.9, C08._"
89417/3,Preferred,1,Carcinosarcoma ex pleomorphic adenoma,"C07.9, C08._"
89500/3,Preferred,1,Mullerian mixed tumour,C54._
89510/3,Preferred,1,Mesodermal mixed tumour,
89590/0,Preferred,1,Benign cystic nephroma,C64.9
89591/0,Preferred,1,Mixed epithelial and stromal tumour,C64.9
89591/0,Synonym,0,Renal epithelial and stromal tumour,C64.9
89592/0,Preferred,1,Pediatric cystic nephroma,C64.9
89593/0,Preferred,1,Adult cystic nephroma,C64.9
89590/1,Preferred,1,Cystic partially differentiated nephroblastoma,C64.9
89590/3,Preferred,1,Malignant cystic nephroma,C64.9
89590/3,Synonym,0,Malignant multilocular cystic nephroma,C64.9
89600/1,Preferred,1,"Congenital mesoblastic nephroma, NOS",
89600/1,Synonym,0,"Mesoblastic nephroma, NOS",C64.9
89601/1,Preferred,1,"Congenital mesoblastic nephroma, classic",
89601/1,Synonym,0,"Mesoblastic nephroma, classic",C64.9
89602/1,Preferred,1,"Congenital mesoblastic nephroma, mixed",
89602/1,Synonym,0,"Mesoblastic nephroma, mixed",C64.9
89600/3,Preferred,1,"Nephroblastoma, NOS",C64.9
89600/3,Synonym,0,Wilms tumour,C64.9
89630/3,Preferred,1,"Rhabdoid tumour, NOS",
89630/3,Synonym,0,"Malignant rhabdoid tumour, NOS",
89630/3,Synonym,0,Rhabdoid tumour of soft tissue,
89630/3,Synonym,0,Rhabdoid sarcoma,
89630/3,Related,0,Extrarenal rhabdoid tumour,
89630/3,Related,0,Malignant rhabdoid tumour of kidney,C64.9
89630/3,Synonym,0,Atypical teratoid/rhabdoid tumour of kidney,C64.9
89640/3,Preferred,1,Clear cell sarcoma of kidney,C64.9
89660/0,Preferred,1,Renomedullary interstitial cell tumour,C64.9
89660/0,Synonym,0,Renomedullary fibroma,C64.9
89660/0,Synonym,0,Medullary fibroma,C64.9
89670/0,Preferred,1,Ossifying renal tumour,C64.9
89670/0,Synonym,0,Ossifying renal tumour of infancy,C64.9
89700/3,Preferred,1,"Hepatoblastoma, NOS",C22.0
89700/3,Synonym,0,Embryonal hepatoma,C22.0
89701/3,Preferred,1,"Hepatoblastoma, epithelioid",C22.0
89702/3,Preferred,1,"Hepatoblastoma, mixed epithelial-mesenchymal, NOS",C22.0
89703/3,Preferred,1,Thyroblastoma,C73.9
89704/3,Preferred,1,Pure fetal hepatoblastoma with low mitotic activity (well-differentiated fetal hepatoblastoma),C22.0
89705/3,Preferred,1,"Fetal hepatoblastoma, mitotically active (crowded fetal hepatoblastoma)",C22.0
89706/3,Preferred,1,"Pleomorphic hepatoblastoma, poorly differentiated",C22.0
89707/3,Preferred,1,Embryonal hepatoblastoma,C22.0
89708/3,Preferred,1,"Small cell undifferentiated hepatoblastoma, SMARCB1 (INI1) retained (positive)",C22.0
89709/3,Preferred,1,"Small cell undifferentiated hepatoblastoma, SMARCB1 (INI1) lost (negative)",C22.0
8970A/3,Preferred,1,Cholangioblastic hepatoblastoma,C22.0
8970B/3,Preferred,1,Epithelial mixed hepatoblastoma,C22.0
8970C/3,Preferred,1,Epithelial macrotrabecular pattern of hepatoblastoma,C22.0
8970D/3,Preferred,1,Mixed epithelial and mesenchymal hepatoblastoma without teratoid features,C22.0
8970E/3,Preferred,1,Mixed epithelial and mesenchymal hepatoblastoma with teratoid features,C22.0
89710/3,Preferred,1,Pancreatoblastoma,C25._
89720/3,Preferred,1,Pulmonary blastoma,C34._
89720/3,Synonym,0,Pneumoblastoma,C34._
89730/3,Preferred,1,"Pleuropulmonary blastoma, NOS",
89731/3,Preferred,1,"Pleuropulmonary blastoma, type I",
89732/3,Preferred,1,"Pleuropulmonary blastoma, type Ir (type I regressed)",
89733/3,Preferred,1,"Pleuropulmonary blastoma, type II",
89734/3,Preferred,1,"Pleuropulmonary blastoma, type III",
89740/1,Preferred,1,Sialoblastoma,
89750/1,Preferred,1,Calcifying nested stromal-epithelial tumour,C22.0
89750/1,Synonym,0,Nested stromal-epithelial tumour,C22.0
89750/1,Synonym,0,Ossifying stromal-epithelial tumour,C22.0
89750/1,Synonym,0,Desmoplastic nested spindle cell tumour,C22.0
89750/1,Synonym,0,Ossifying malignant mixed epithelial and stromal tumour,C22.0
89760/1,Preferred,1,"Gastroblastoma, NOS",C16._
89760/3,Preferred,1,"Gastroblastoma, malignant",C16._
89800/3,Preferred,1,"Carcinosarcoma, NOS",
89801/3,Preferred,1,Carcinosarcoma of salivary gland,"C06.3, C07.9, C08._"
89810/3,Preferred,1,"Carcinosarcoma, embryonal",
89820/0,Preferred,1,"Myoepithelioma, NOS",
89820/0,Synonym,0,Myoepithelial adenoma,
89820/0,Synonym,0,Myoepithelial tumour,
89821/0,Preferred,1,Ectomesenchymal chondromyxoid tumour,
89822/0,Preferred,1,Syncytial myoepithelioma,
89820/3,Preferred,1,"Myoepithelial carcinoma, NOS",
89820/3,Synonym,0,Malignant myoepithelioma,
89820/3,Synonym,0,"Myoepithelioma, infiltrating",
89830/0,Preferred,1,"Adenomyoepithelioma, NOS",C50._
89830/0,Synonym,0,"Adenomyoepithelioma, benign",C50._
89830/3,Preferred,1,Malignant adenomyoepithelioma,C50._
89830/3,Synonym,0,Adenomyoepithelioma with carcinoma,C50._
89900/0,Preferred,1,"Mesenchymoma, benign",
89901/0,Preferred,1,"Phosphaturic mesenchymal tumour, NOS",
89901/0,Synonym,0,"Phosphaturic mesenchymal tumour, benign",
89901/0,Synonym,0,"Phosphaturic mesenchymal tumour, mixed connective tissue type",
89900/1,Preferred,1,"Mesenchymoma, NOS",
89900/1,Synonym,0,Mixed mesenchymal tumour,
89902/1,Preferred,1,Non-neural granular cell tumour,
89902/1,Synonym,0,Primitive non-neural granular cell tumour,
89902/1,Synonym,0,Primitive polypoid granular cell tumour,
89902/1,Synonym,0,Dermal non-neural granular cell tumour,
89903/1,Preferred,1,"Mesenchymoma, fibrocartilaginous",
89900/3,Preferred,1,"Mesenchymoma, malignant",
89900/3,Synonym,0,Mixed mesenchymal sarcoma,
89901/3,Preferred,1,"Phosphaturic mesenchymal tumour, malignant",
89910/3,Preferred,1,"Embryonal sarcoma, NOS",C22.0
89910/3,Synonym,0,"Embryonal sarcoma, undifferentiated",C22.0
89910/3,Synonym,0,Undifferentiated sarcoma of liver,C22.0
89920/0,Preferred,1,Pulmonary hamartoma,C34._
89921/0,Preferred,1,Fibrous hamartoma of infancy,
90000/0,Preferred,1,"Brenner tumour, NOS",C56.9
90000/1,Preferred,1,Borderline Brenner tumour,C56.9
90000/1,Synonym,0,"Brenner tumour, borderline malignancy",C56.9
90000/1,Synonym,0,"Brenner tumour, atypical proliferative",C56.9
90000/1,Synonym,0,"Brenner tumour, proliferating",C56.9
90000/3,Preferred,1,"Brenner tumour, malignant",C56.9
90100/0,Preferred,1,"Fibroadenoma, NOS",C50._
90101/0,Preferred,1,Lipofibroadenoma,
90110/0,Preferred,1,Intracanalicular fibroadenoma,C50._
90120/0,Preferred,1,Pericanalicular fibroadenoma,C50._
90130/0,Preferred,1,"Adenofibroma, NOS",
90130/0,Synonym,0,"Cystadenofibroma, NOS",
90130/0,Synonym,0,Papillary adenofibroma,
90131/0,Preferred,1,Metanephric adenofibroma,C64.9
90131/0,Synonym,0,Nephrogenic adenofibroma,C64.9
90140/0,Preferred,1,"Serous adenofibroma, NOS",
90140/0,Synonym,0,"Serous cystadenofibroma, NOS",
90141/0,Preferred,1,Seromucinous adenofibroma,
90150/0,Preferred,1,"Mucinous adenofibroma, NOS",
90150/0,Synonym,0,"Mucinous cystadenofibroma, NOS",
90150/3,Preferred,1,Mucinous adenocarcinofibroma,
90150/3,Synonym,0,Malignant mucinous adenofibroma,
90150/3,Synonym,0,Mucinous cystadenocarcinofibroma,
90150/3,Synonym,0,Malignant mucinous cystadenofibroma,
90160/0,Preferred,1,Giant fibroadenoma,C50._
90200/0,Preferred,1,"Phyllodes tumour, benign",C50._
90200/0,Synonym,0,"Cystosarcoma phyllodes, benign",C50._
90200/1,Preferred,1,"Phyllodes tumour, NOS",C50._
90200/1,Synonym,0,"Phyllodes tumour, borderline",C50._
90200/1,Synonym,0,"Cystosarcoma phyllodes, NOS",C50._
90201/1,Preferred,1,"Periductal stromal tumour, NOS",C50._
90201/1,Synonym,0,"Periductal stromal tumour, low-grade",C50._
90200/3,Preferred,1,"Phyllodes tumour, malignant",C50._
90200/3,Synonym,0,"Cystosarcoma phyllodes, malignant",C50._
90300/0,Preferred,1,Juvenile fibroadenoma,C50._
90301/0,Preferred,1,Giant juvenile fibroadenoma,C50._
90400/0,Preferred,1,"Synovioma, benign",
90400/3,Preferred,1,"Synovial sarcoma, NOS",
90400/3,Synonym,0,"Synovioma, NOS",
90400/3,Synonym,0,"Synovioma, malignant",
90401/3,Preferred,1,"Synovial sarcoma, poorly differentiated",
90410/3,Preferred,1,"Synovial sarcoma, monophasic",
90410/3,Synonym,0,"Synovial sarcoma, spindle cell",
90410/3,Synonym,0,"Synovial sarcoma, monophasic fibrous",
90410/3,Synonym,0,"Synovial sarcoma, monophasic spindle cell",
90420/3,Preferred,1,"Synovial sarcoma, epithelioid cell",
90430/3,Preferred,1,"Synovial sarcoma, biphasic",
90440/3,Preferred,1,"Clear cell sarcoma, NOS",
90440/3,Synonym,0,Malignant melanoma of soft parts,C49._
90440/3,Synonym,0,Melanoma of soft parts,
90440/3,Synonym,0,Clear cell sarcoma of soft tissue,
90440/3,Related,0,Dermal clear cell sarcoma,C44._
90441/3,Preferred,1,CRTC1::TRIM11 cutaneous tumour,C44._
90442/3,Preferred,1,Malignant gastrointestinal neuroectodermal tumour,
90450/3,Preferred,1,Biphenotypic sinonasal sarcoma,"C30.0, C31._"
90500/0,Preferred,1,"Mesothelioma, benign",
90500/2,Preferred,1,Mesothelioma in situ,
90500/3,Preferred,1,"Mesothelioma, NOS",
90500/3,Synonym,0,"Mesothelioma, malignant",
90501/3,Preferred,1,"Mesothelioma, diffuse ",
90501/3,Related,0,Diffuse pleural mesothelioma,C38.4
90502/3,Preferred,1,Localized mesothelioma,
90502/3,Related,0,Localized pleural mesothelioma,C38.4
90510/0,Preferred,1,"Fibrous mesothelioma, benign",
90510/3,Preferred,1,Sarcomatoid mesothelioma,
90510/3,Synonym,0,"Fibrous mesothelioma, malignant",
90510/3,Synonym,0,"Fibrous mesothelioma, NOS",
90510/3,Synonym,0,Desmoplastic mesothelioma,
90510/3,Synonym,0,Spindled mesothelioma,
90520/0,Preferred,1,"Well-differentiated papillary mesothelial tumour, NOS",
90520/0,Synonym,0,"Well-differentiated papillary mesothelioma, NOS",
90520/0,Synonym,0,"Epithelioid mesothelioma, benign",
90520/0,Synonym,0,Mesothelial papilloma,
90520/1,Preferred,1,Well-differentiated papillary mesothelial tumour of pleura,C38.4
90520/1,Synonym,0,Well-differentiated papillary mesothelioma of pleura,C38.4
90520/3,Preferred,1,"Epithelioid mesothelioma, NOS",
90520/3,Synonym,0,"Epithelioid mesothelioma, malignant",
90530/3,Preferred,1,"Mesothelioma, biphasic, NOS",
90530/3,Synonym,0,"Mesothelioma, biphasic, malignant",
90540/0,Preferred,1,"Adenomatoid tumour, NOS",
90550/0,Preferred,1,"Peritoneal inclusion cysts, NOS","C48.1, C48.2"
90550/0,Synonym,0,Multilocular peritoneal inclusion cysts,"C48.1, C48.2"
90550/0,Synonym,0,Cystic mesothelioma,"C48.1, C48.2"
90550/0,Synonym,0,Multicystic mesothelioma,"C48.1, C48.2"
90600/3,Preferred,1,"Dysgerminoma, NOS",
90600/3,Synonym,0,Germinoma of ovary,C56.9
90601/3,Preferred,1,Dysgerminoma with syncytiotrophoblast cells,
90610/2,Preferred,1,Intratubular seminoma,C62._
90611/2,Preferred,1,Intratubular trophoblast,C62._
90610/3,Preferred,1,"Seminoma, NOS",C62._
90610/3,Synonym,0,Germinoma of testis,C62._
90611/3,Preferred,1,Seminoma with syncytiotrophoblastic cells,C62._
90611/3,Synonym,0,Seminoma with syncytiotrophoblast cells,C62._
90620/3,Preferred,1,"Seminoma, anaplastic",C62._
90620/3,Synonym,0,Seminoma with high mitotic index,C62._
90630/3,Preferred,1,"Spermatocytic tumour, NOS",C62._
90630/3,Synonym,0,Spermatocytic seminoma,C62._
90630/3,Synonym,0,Spermatocytoma,C62._
90631/3,Preferred,1,Spermatocytic tumour with sarcomatous differentiation,C62._
90640/2,Preferred,1,Germ cell neoplasia in situ,C62._
90640/2,Synonym,0,Intratubular germ cell neoplasia,C62._
90640/2,Synonym,0,Intratubular malignant germ cells,C62._
90640/3,Preferred,1,"Germ cell tumour, NOS",
90641/3,Preferred,1,"Germinoma, NOS",
90642/3,Preferred,1,Germinoma with syncytiotrophoblast cells,
90650/3,Preferred,1,"Germ cell tumour, nonseminomatous",C62._
90700/2,Preferred,1,Intratubular embryonal carcinoma,C62._
90700/3,Preferred,1,"Embryonal carcinoma, NOS",
90700/3,Synonym,0,Embryonal adenocarcinoma,
90710/2,Preferred,1,Intratubular yolk sac tumour,C62._
90710/3,Preferred,1,"Yolk sac tumour, NOS",
90710/3,Synonym,0,"Embryonal carcinoma, infantile",
90710/3,Synonym,0,Orchioblastoma,C62._
90710/3,Synonym,0,Polyvesicular vitelline tumour,
90711/3,Preferred,1,Hepatoid yolk sac tumour,
90712/3,Preferred,1,"Yolk sac tumour, prepubertal-type",
90712/3,Synonym,0,"Yolk sac tumour, prepubertal (type I)",
90713/3,Preferred,1,"Yolk sac tumour, postpubertal-type",
90713/3,Synonym,0,"Yolk sac tumour, postpubertal (type II)",
90713/3,Synonym,0,Endodermal sinus tumour,
90720/3,Preferred,1,Polyembryoma,
90720/3,Synonym,0,"Embryonal carcinoma, polyembryonal type",
90730/1,Preferred,1,Gonadoblastoma,
90730/1,Synonym,0,Gonocytoma,
90800/0,Preferred,1,"Teratoma, benign",
90800/0,Synonym,0,"Adult teratoma, NOS",
90800/0,Synonym,0,"Cystic teratoma, NOS",
90800/0,Synonym,0,Adult cystic teratoma,
90800/0,Synonym,0,"Mature teratoma, NOS",
90800/0,Synonym,0,Mature cystic teratoma,
90800/0,Synonym,0,"Teratoma, differentiated",
90801/0,Preferred,1,Monodermal cystic teratoma,
90800/1,Preferred,1,"Teratoma, NOS",
90800/1,Synonym,0,Solid teratoma,
90801/1,Preferred,1,Immature teratoma of thymus,C37.9
90801/1,Related,0,Immature teratoma of mediastinum,C38._
90802/1,Preferred,1,"Germ cell tumour, regressed",
90802/1,Synonym,0,"Germ cell tumour, burnt-out",
90800/2,Preferred,1,Intratubular teratoma,C62._
90800/3,Preferred,1,"Teratoma, malignant, NOS",
90800/3,Synonym,0,Embryonal teratoma,
90800/3,Synonym,0,"Teratoblastoma, malignant",
90801/3,Preferred,1,"Immature teratoma, NOS",
90801/3,Synonym,0,"Immature teratoma, malignant",
90810/3,Preferred,1,Teratocarcinoma,
90810/3,Synonym,0,Mixed embryonal carcinoma and teratoma,
90811/3,Preferred,1,Teratocarcinosarcoma,
90820/3,Preferred,1,"Malignant teratoma, undifferentiated",
90820/3,Synonym,0,"Malignant teratoma, anaplastic",
90830/3,Preferred,1,"Malignant teratoma, intermediate",
90840/0,Preferred,1,"Dermoid cyst, NOS",
90840/0,Synonym,0,"Dermoid, NOS",
90844/0,Preferred,1,"Teratoma, prepubertal-type",C62._
90844/0,Synonym,0,"Teratoma, mature, prepubertal-type",C62._
90844/0,Synonym,0,Benign postpubertal testicular teratoma,C62._
90844/0,Synonym,0,Type I germ cell tumour of testis,C62._
90845/0,Preferred,1,Epidermoid cyst,
90840/3,Preferred,1,Teratoma with malignant transformation,
90840/3,Synonym,0,Teratoma with somatic-type malignancy,
90840/3,Synonym,0,Somatic neoplasm arising from teratoma,
90840/3,Synonym,0,Somatic-type tumour derived from teratoma,
90840/3,Synonym,0,Teratoma with secondary malignant component,
90840/3,Synonym,0,Germ cell tumour with somatic-type solid malignancy,
90841/3,Preferred,1,Mature teratoma with somatic type malignancy,
90841/3,Synonym,0,Dermoid cyst with malignant transformation,C56.9
90841/3,Synonym,0,Dermoid cyst with secondary tumour,
90842/3,Preferred,1,Immature teratoma with somatic type malignancy,
90843/3,Preferred,1,"Teratoma with carcinoid (neuroendocrine tumour), NOS",C62._
90843/3,Synonym,0,"Well-differentiated neuroendocrine tumour (monodermal teratoma), NOS",C62._
90843/3,Related,0,"Testicular neuroendocrine tumour, prepubertal-type",C62._
90850/3,Preferred,1,"Mixed germ cell tumour, NOS",
90851/3,Preferred,1,Mixed teratoma and seminoma,
90851/3,Synonym,0,Mixed germinoma and teratoma,
90852/3,Preferred,1,"Mixed teratoma-yolk sac tumour, NOS",
90853/3,Preferred,1,"Mixed teratoma-yolk sac tumour, prepubertal-type",
90854/3,Preferred,1,Diffuse embryoma,
90855/3,Preferred,1,Mixed germ cell tumour consisting of germinoma or teratoma with a small portion of malignant element,
90856/3,Preferred,1,"Mixed tumour consisting mainly of choriocarcinoma, embryonal carcinoma, or yolk sac tumour",
90860/3,Preferred,1,Germ cell tumour with associated haematological malignancy,
90900/0,Preferred,1,"Struma ovarii, NOS",C56.9
90900/3,Preferred,1,Thyroid carcinoma arising in struma ovarii,C56.9
90900/3,Synonym,0,"Struma ovarii, malignant",C56.9
90900/3,Synonym,0,Proliferative struma ovarii,C56.9
90910/1,Preferred,1,Ovarian carcinoid,C56.9
90910/1,Synonym,0,Ovarian neuroendocrine tumour,C56.9
90910/1,Related,0,Teratoma with carcinoid (neuroendocrine tumour) of ovary,C56.9
90910/1,Synonym,0,Well-differentiated neuroendocrine tumour (monodermal teratoma) of ovary,C56.9
90910/1,Related,0,Strumal carcinoid,C56.9
90910/1,Synonym,0,Struma ovarii and carcinoid,C56.9
91000/0,Preferred,1,"Hydatidiform mole, NOS",C58.9
91000/0,Synonym,0,Hydatid mole,C58.9
91001/0,Preferred,1,Complete hydatidiform mole,C58.9
91001/0,Synonym,0,Complete molar pregnancy,C58.9
91001/0,Synonym,0,Complete mole,C58.9
91000/1,Preferred,1,Invasive hydatidiform mole,C58.9
91000/1,Synonym,0,"Invasive mole, NOS",C58.9
91000/1,Synonym,0,"Chorioadenoma, NOS",C58.9
91000/1,Synonym,0,Chorioadenoma destruens,C58.9
91000/1,Synonym,0,Malignant hydatidiform mole,C58.9
91000/3,Preferred,1,"Choriocarcinoma, NOS",
91000/3,Synonym,0,Chorioepithelioma,
91000/3,Synonym,0,Chorionepithelioma,
91001/3,Preferred,1,Gestational choriocarcinoma,
91002/3,Preferred,1,Non-gestational choriocarcinoma,
91010/3,Preferred,1,Choriocarcinoma combined with other germ cell elements,
91011/3,Preferred,1,Choriocarcinoma combined with embryonal carcinoma,
91012/3,Preferred,1,Choriocarcinoma combined with teratoma,
91013/3,Preferred,1,Mixed trophoblastic tumour,
91020/3,Preferred,1,"Malignant teratoma, trophoblastic",
91030/0,Preferred,1,Partial hydatidiform mole,C58.9
91030/0,Synonym,0,Partial molar pregnancy,C58.9
91030/0,Synonym,0,Partial mole,C58.9
91040/1,Preferred,1,"Placental site trophoblastic tumour, NOS",C58.9
91040/3,Preferred,1,"Placental site trophoblastic tumour, malignant",C58.9
91040/3,Related,0,Placental site trophoblastic tumour of testis,C62._
91050/3,Preferred,1,"Trophoblastic tumour, epithelioid",
91100/0,Preferred,1,Adenoma of rete ovarii,C56.9
91100/0,Synonym,0,Cystadenoma of rete ovarii,C56.9
91101/0,Preferred,1,"Mesonephroma, benign",
91101/0,Synonym,0,Mesonephric adenoma,
91101/0,Synonym,0,Wolffian duct adenoma,
91100/1,Preferred,1,Wolffian tumour,"C56.9, C57._"
91100/1,Synonym,0,Wolffian duct tumour,"C56.9, C57._"
91100/1,Synonym,0,Wolffian adnexal tumour,"C56.9, C57._"
91100/1,Synonym,0,"Wolffian adenoma, NOS","C56.9, C57._"
91100/1,Synonym,0,"Wolffian adenoma, retiform","C56.9, C57._"
91100/1,Synonym,0,Female adnexal tumour of probable Wolffian origin,"C56.9, C57._"
91100/1,Synonym,0,Mesonephric tumour,
91100/3,Preferred,1,Adenocarcinoma of rete ovarii,C56.9
91101/3,Preferred,1,Mesonephric adenocarcinoma,
91101/3,Synonym,0,"Mesonephroma, malignant",
91101/3,Synonym,0,"Mesonephroma, NOS",
91101/3,Synonym,0,"Adenocarcinoma, HPV-independent, mesonephric type",
91101/3,Synonym,0,Wolffian duct carcinoma,
91110/3,Preferred,1,Mesonephric-like adenocarcinoma,
91110/3,Synonym,0,Mesonephric-like carcinoma,
91200/0,Preferred,1,"Haemangioma, NOS",
91200/0,Synonym,0,"Angioma, NOS",
91200/0,Synonym,0,Chorioangioma,C58.9
91200/0,Related,0,Synovial haemangioma,C49._
91200/0,Related,0,Haemangioma of bone,"C40._, C41._"
91200/0,Synonym,0,Gorham-Stout syndrome,"C40._, C41._"
91200/0,Synonym,0,Massive osteolysis,"C40._, C41._"
91200/0,Synonym,0,Cystic angiomatosis,"C40._, C41._"
91201/0,Preferred,1,Cherry haemangioma,
91202/0,Preferred,1,Sinusoidal haemangioma,
91202/0,Synonym,0,Sinusoidal venous malformation,
91203/0,Preferred,1,Microvenular haemangioma,
91204/0,Preferred,1,Glomeruloid haemangioma,
91205/0,Preferred,1,Spindle cell haemangioma,
91206/0,Preferred,1,Hobnail haemangioma,
91207/0,Preferred,1,Littoral cell angioma,C42.2
91208/0,Preferred,1,Papillary haemangioma,
91209/0,Preferred,1,Poikilodermatous plaque-like haemangioma ,
9120A/0,Preferred,1,Acquired elastotic haemangioma,
9120B/0,Preferred,1,Perilobular haemangioma,
9120C/0,Preferred,1,"Angiomatosis, NOS",
9120D/0,Preferred,1,"Haemangioma, anastomosing ",
9120D/0,Related,0,Hepatic small vessel neoplasm,C22.0
91200/3,Preferred,1,"Angiosarcoma, NOS",
91200/3,Synonym,0,Haemangiosarcoma,
9120E/3,Preferred,1,Postradiation angiosarcoma,
9120E/3,Synonym,0,"Angiosarcoma, secondary",
9120E/3,Related,0,Postradiation haemangiosarcoma,
9120E/3,Related,0,Postradiation lympangiosarcoma,
9120F/3,Preferred,1,Epithelioid angiosarcoma,
9120G/3,Preferred,1,"Angiosarcoma, primary",
9120H/3,Preferred,1,"Angiosarcoma, lymphoedema-associated",
91210/0,Preferred,1,Cavernous haemangioma,
91210/0,Synonym,0,Cavernous malformation,
91210/0,Synonym,0,Cavernous vascular malformation,
91210/0,Synonym,0,Cavernoma,
91210/0,Synonym,0,Cavernous angioma,
91220/0,Preferred,1,Venous haemangioma,
91220/0,Synonym,0,Venous malformation,
91230/0,Preferred,1,"Arteriovenous malformation, NOS",
91230/0,Synonym,0,Arteriovenous haemangioma,
91231/0,Preferred,1,"Arteriovenous malformation, deep-seated",C49._
91232/0,Preferred,1,"Arteriovenous malformation, cutaneous",C44._
91233/0,Preferred,1,Angiodysplasia,C18._
91234/0,Preferred,1,Racemose haemangioma,
91240/3,Preferred,1,Kupffer cell sarcoma,C22.0
91250/0,Preferred,1,"Epithelioid haemangioma, NOS",
91250/0,Synonym,0,Histiocytoid haemangioma,
91251/0,Preferred,1,Cutaneous epithelioid angiomatous nodule,C44._
91251/0,Synonym,0,Cutaneous epithelioid angiomatoid nodule,C44._
91252/0,Preferred,1,Sclerosing angiomatoid nodular transformation (SANT) of spleen,C42.2
91253/0,Preferred,1,"Epithelioid haemangioma, cellular",
91254/0,Preferred,1,"Epithelioid haemangioma, atypical",
91255/0,Preferred,1,"Epithelioid haemangioma, intravascular",
91260/0,Preferred,1,Atypical vascular lesion,
91260/0,Synonym,0,Atypical vascular proliferation ,
91261/0,Preferred,1,Postradiation atypical vascular lesion,
91262/0,Preferred,1,"Lymphatic atypical vascular lesion, resembling lymphangioma",
91263/0,Preferred,1,"Vascular atypical vascular lesion, resembling haemangioma or hobnail haemangioma",
91300/0,Preferred,1,"Haemangioendothelioma, benign",
91300/1,Preferred,1,"Haemangioendothelioma, NOS",
91300/1,Synonym,0,Angioendothelioma,
91301/1,Preferred,1,Kaposiform haemangioendothelioma,
91300/3,Preferred,1,"Haemangioendothelioma, malignant",
91300/3,Synonym,0,Haemangioendothelial sarcoma,
91310/0,Preferred,1,Capillary haemangioma,
91310/0,Synonym,0,Haemangioma simplex,
91311/0,Preferred,1,Lobular capillary haemangioma,
91311/0,Synonym,0,Pyogenic granuloma,
91311/0,Synonym,0,Lobular capillary haemangioma/pyogenic granuloma,
91312/0,Preferred,1,"Congenital haemangioma, NOS",
91313/0,Preferred,1,"Congenital haemangioma, rapidly involuting, NOS",
91314/0,Preferred,1,"Congenital haemangioma, non-involuting",
91315/0,Preferred,1,"Congenital haemangioma, partially involuting",
91316/0,Preferred,1,Rapidly involuting congenital haemangioma with fetal involution,
91317/0,Preferred,1,Infantile haemangioma,
91317/0,Synonym,0,Juvenile haemangioma,
91317/0,Related,0,Hepatic infantile haemangioma,C22.0
91317/0,Synonym,0,Hepatic infantile haemangioendothelioma,C22.0
91318/0,Preferred,1,Reticular infantile haemangioma,
91319/0,Preferred,1,Single infantile haemangioma,
9131A/0,Preferred,1,Multifocal infantile haemangioma,
9131B/0,Preferred,1,Diffuse infantile haemangioma,
9131C/0,Preferred,1,Disseminated lobular capillary haemangioma,
9131D/0,Preferred,1,Subcutaneous lobular capillary haemangioma,
9131E/0,Preferred,1,Intravascular lobular capillary haemangioma,
9131F/0,Preferred,1,Plexiform haemangioma,
91320/0,Preferred,1,Intramuscular haemangioma,
91320/0,Synonym,0,Intramuscular angioma,
91330/3,Preferred,1,"Epithelioid haemangioendothelioma, NOS",
91330/3,Related,0,Intravascular bronchioloalveolar tumour,C34._
91331/3,Preferred,1,Epithelioid haemangioendothelioma with WWTR1::CAMTA1 fusion,
91332/3,Preferred,1,Epithelioid haemangioendothelioma with YAP1::TFE3 fusion,
91350/1,Preferred,1,Papillary intralymphatic angioendothelioma,
91350/1,Synonym,0,Endovascular papillary angioendothelioma,
91350/1,Synonym,0,Dabska tumour,
91360/1,Preferred,1,Spindle cell haemangioendothelioma,
91360/1,Synonym,0,Spindle cell angioendothelioma,
91361/1,Preferred,1,Retiform haemangioendothelioma,
91361/1,Synonym,0,Hobnail haemangioendothelioma,
91362/1,Preferred,1,Composite haemangioendothelioma,
91362/1,Synonym,0,Neuroendocrine composite haemangioendothelioma,
91370/0,Preferred,1,Myointimoma,
91370/3,Preferred,1,Intimal sarcoma,
91380/1,Preferred,1,Pseudomyogenic haemangioendothelioma,
91380/1,Synonym,0,Pseudomyogenic (epithelioid sarcoma-like) haemangioendothelioma,
91400/3,Preferred,1,Kaposi sarcoma,
91400/3,Synonym,0,Multiple haemorrhagic sarcoma,
91401/3,Preferred,1,Classic indolent Kaposi sarcoma,
91401/3,Synonym,0,Sporadic/immunodeficiency-related Kaposi sarcoma,
91402/3,Preferred,1,Endemic Kaposi sarcoma,
91402/3,Synonym,0,Endemic African Kaposi sarcoma,
91403/3,Preferred,1,AIDS-associated Kaposi sarcoma,
91403/3,Synonym,0,Epidemic Kaposi sarcoma,
91404/3,Preferred,1,Iatrogenic/transplantation-related Kaposi sarcoma,
91404/3,Related,0,Iatrogenic Kaposi sarcoma,
91404/3,Related,0,Transplantation-related Kaposi sarcoma,
91410/0,Preferred,1,"Angiokeratoma, NOS",
91411/0,Preferred,1,Angiokeratoma corporis diffusum,
91412/0,Preferred,1,Angiokeratoma of Fordyce,
91413/0,Preferred,1,Angiokeratoma of Mibelli,
91414/0,Preferred,1,"Angiokeratoma, solitary",
91420/0,Preferred,1,Verrucous venous malformation,
91420/0,Synonym,0,Verrucous keratotic haemangioma,
91500/3,Preferred,1,GL1-altered soft tissue tumour,
91600/0,Preferred,1,"Angiofibroma, NOS",
91600/0,Synonym,0,Fibrous papule of nose,C44.3
91600/0,Synonym,0,Involuting naevus,C44._
91601/0,Preferred,1,Cellular angiofibroma,
91602/0,Preferred,1,Giant cell angiofibroma,
91603/0,Preferred,1,Multinucleate cell angiohistiocytoma,
91604/0,Preferred,1,"Angiofibroma, sinonasal",
91604/0,Synonym,0,"Angiofibroma, nasopharyngeal",
91604/0,Synonym,0,"Angiofibroma, sinonasal tract",
91604/0,Synonym,0,Juvenile angiofibroma,
91605/0,Preferred,1,Angiofibroma of soft tissue,
91610/0,Preferred,1,Tufted haemangioma,
91610/0,Synonym,0,Acquired tufted haemangioma,
91610/0,Synonym,0,Tufted angioma,
91610/1,Preferred,1,Haemangioblastoma,
91610/1,Synonym,0,Angioblastoma,
91611/1,Preferred,1,Clear cell (haemangioblastoma-like) stromal tumour of lung,C34._
91700/0,Preferred,1,"Lymphangioma, NOS",
91700/0,Synonym,0,Lymphatic malformation,
91700/0,Synonym,0,"Lymphangioendothelioma, NOS",
91701/0,Preferred,1,"Lymphangioma, microcystic",
91702/0,Preferred,1,"Lymphangioma, macrocystic",
91703/0,Preferred,1,Combined lymphatic-venous malformation,
91703/0,Synonym,0,Haemangiolymphangioma,
91700/3,Preferred,1,Lymphangiosarcoma,
91700/3,Synonym,0,Lymphangioendothelial sarcoma,
91700/3,Synonym,0,"Lymphangioendothelioma, malignant",
91704/3,Preferred,1,"Lymphangiomatosis, diffuse",
91710/0,Preferred,1,Capillary lymphangioma,
91720/0,Preferred,1,Cavernous lymphangioma,
91730/0,Preferred,1,Cystic lymphangioma,
91730/0,Synonym,0,"Hygroma, NOS",
91730/0,Synonym,0,Cystic hygroma,
91731/0,Preferred,1,Lymphangioma circumscriptum,
91740/0,Preferred,1,Lymphangiomyoma,
91740/3,Preferred,1,Lymphangioleiomyomatosis,C34._
91740/3,Synonym,0,Lymphangiomyomatosis,
91750/0,Preferred,1,Haemolymphangioma,
91800/0,Preferred,1,"Osteoma, NOS","C40._, C41._"
91800/0,Related,0,"Exostosis, NOS",
91801/0,Preferred,1,Fibro-osseous tumour of digits,
91802/0,Preferred,1,Surface (periosteal) osteoma,
91803/0,Preferred,1,Central (endosteal) osteoma,
91800/3,Preferred,1,"Osteosarcoma, NOS","C40._, C41._"
91800/3,Synonym,0,"Osteogenic sarcoma, NOS","C40._, C41._"
91800/3,Synonym,0,Osteoblastic sarcoma,"C40._, C41._"
91800/3,Synonym,0,Osteochondrosarcoma,"C40._, C41._"
91800/3,Related,0,"Osteosarcoma, extraskeletal",
91800/3,Synonym,0,"Osteosarcoma, extraosseus",
91810/3,Preferred,1,Chondroblastic osteosarcoma,"C40._, C41._"
91820/3,Preferred,1,Fibroblastic osteosarcoma,"C40._, C41._"
91820/3,Synonym,0,Osteofibrosarcoma,"C40._, C41._"
91830/3,Preferred,1,Telangiectatic osteosarcoma,"C40._, C41._"
91840/3,Preferred,1,Secondary osteosarcoma,"C40._, C41._"
91841/3,Preferred,1,Osteosarcoma in Paget disease of bone,"C40._, C41._"
91841/3,Synonym,0,Paget sarcoma,"C40._, C41._"
91842/3,Preferred,1,Radiation-associated osteosarcoma,"C40._, C41._"
91842/3,Synonym,0,Radiation-induced osteosarcoma,"C40._, C41._"
91843/3,Preferred,1,"Osteosarcoma, infarct-related","C40._, C41._"
91844/3,Preferred,1,Osteosarcoma secondary to early postzygotic disorders such as fibrous dysplasia,"C40._, C41._"
91845/3,Preferred,1,"Osteosarcoma, implant-related","C40._, C41._"
91846/3,Preferred,1,Osteosarcoma due to chronic osteomyelitis,"C40._, C41._"
91850/3,Preferred,1,Small cell osteosarcoma,"C40._, C41._"
91850/3,Synonym,0,Round cell osteosarcoma,"C40._, C41._"
91860/3,Preferred,1,"Osteosarcoma, conventional","C40._, C41._"
91860/3,Synonym,0,"Central osteosarcoma, NOS","C40._, C41._"
91860/3,Synonym,0,Conventional central osteosarcoma,"C40._, C41._"
91860/3,Synonym,0,Medullary osteosarcoma,"C40._, C41._"
91860/3,Synonym,0,"Intramedullary osteosarcoma, NOS","C40._, C41._"
91870/3,Preferred,1,Low-grade central osteosarcoma,"C40._, C41._"
91870/3,Synonym,0,Well-differentiated intramedullary osteosarcoma,"C40._, C41._"
91870/3,Synonym,0,Low-grade intramedullary osteosarcoma,"C40._, C41._"
91870/3,Synonym,0,Intraosseous well-differentiated osteosarcoma,"C40._, C41._"
91870/3,Synonym,0,Intraosseous low-grade osteosarcoma,"C40._, C41._"
91910/0,Preferred,1,"Osteoid osteoma, NOS","C40._, C41._"
91920/3,Preferred,1,Parosteal osteosarcoma,"C40._, C41._"
91920/3,Synonym,0,Juxtacortical osteosarcoma,"C40._, C41._"
91930/3,Preferred,1,Periosteal osteosarcoma,"C40._, C41._"
91940/3,Preferred,1,High-grade surface osteosarcoma,"C40._, C41._"
91950/3,Preferred,1,Intracortical osteosarcoma,"C40._, C41._"
92000/1,Preferred,1,"Osteoblastoma, NOS","C40._, C41._"
92000/1,Synonym,0,"Osteoblastoma, epithelioid","C40._, C41._"
92000/1,Synonym,0,Giant osteoid osteoma,"C40._, C41._"
92000/1,Synonym,0,Aggressive osteoblastoma,"C40._, C41._"
92100/0,Preferred,1,"Osteochondroma, NOS","C40._, C41._"
92100/0,Synonym,0,Cartilaginous exostosis,"C40._, C41._"
92100/0,Synonym,0,Ecchondroma,"C40._, C41._"
92100/0,Synonym,0,Osteocartilaginous exostosis,"C40._, C41._"
92100/1,Preferred,1,Multiple osteochondromas,"C40._, C41._"
92100/1,Synonym,0,"Osteochondromatosis, NOS","C40._, C41._"
92100/1,Synonym,0,Ecchondrosis,"C40._, C41._"
92110/0,Preferred,1,Osteochondromyxoma,
92120/0,Preferred,1,Bizarre parosteal osteochondromatous proliferation,
92130/0,Preferred,1,Subungual exostosis,
92200/0,Preferred,1,"Chondroma, NOS","C40._, C41._"
92200/0,Related,0,Chondroma of soft parts,
92200/0,Synonym,0,Extraskeletal chondroma,
92208/0,Preferred,1,Enchondroma,"C40._, C41._"
92209/0,Preferred,1,"Chondroma, chondroblastoma-like soft tissue",
92200/1,Preferred,1,"Chondromatosis, NOS",
9220A/1,Preferred,1,"Chondromatosis, synovial NOS","C40._, C41._"
9220B/1,Preferred,1,"Chondromatosis, extra-articular synovial",C49._
9220B/1,Synonym,0,"Chondromatosis, tenosynovial",C49._
9220C/1,Preferred,1,"Enchondromatosis, NOS",
9220D/1,Preferred,1,Enchondromatosis in Ollier disease,
9220E/1,Preferred,1,Enchondromatosis in Maffucci syndrome,
92200/3,Preferred,1,"Chondrosarcoma, NOS","C40._, C41._"
92201/3,Preferred,1,Fibrochondrosarcoma,"C40._, C41._"
92202/3,Preferred,1,"Chondrosarcoma, grade 2","C40._, C41._"
92203/3,Preferred,1,"Central chondrosarcoma, grade 2",
92204/3,Preferred,1,"Secondary peripheral chondrosarcoma, grade 2",
92205/3,Preferred,1,"Chondrosarcoma, grade 3","C40._, C41._"
92206/3,Preferred,1,"Central chondrosarcoma, grade 3",
92207/3,Preferred,1,"Secondary peripheral chondrosarcoma, grade 3",
92210/0,Preferred,1,Periosteal chondroma,"C40._, C41._"
92210/0,Synonym,0,Juxtacortical chondroma,"C40._, C41._"
92210/3,Preferred,1,Periosteal chondrosarcoma,"C40._, C41._"
92210/3,Synonym,0,Juxtacortical chondrosarcoma,"C40._, C41._"
92220/1,Preferred,1,Atypical cartilaginous tumour,
92221/1,Preferred,1,Central atypical cartilaginous tumour,
92222/1,Preferred,1,Secondary peripheral atypical cartilaginous tumour,
92220/3,Preferred,1,"Chondrosarcoma, grade 1","C40._, C41._"
92221/3,Preferred,1,"Central chondrosarcoma, grade 1",
92221/3,Synonym,0,"Chondrosarcoma, low-grade central",
92222/3,Preferred,1,"Secondary peripheral chondrosarcoma, grade 1",
92222/3,Synonym,0,"Chondrosarcoma, low-grade peripheral",
92300/0,Preferred,1,"Chondroblastoma, NOS","C40._, C41._"
92300/0,Synonym,0,Chondromatous giant cell tumour,"C40._, C41._"
92300/0,Synonym,0,Codman tumour,"C40._, C41._"
92300/3,Preferred,1,"Chondroblastoma, malignant","C40._, C41._"
92310/3,Preferred,1,"Myxoid chondrosarcoma, NOS",
92311/3,Preferred,1,Extraskeletal myxoid chondrosarcoma,
92400/3,Preferred,1,Mesenchymal chondrosarcoma,
92410/0,Preferred,1,Chondromyxoid fibroma,"C40._, C41._"
92420/3,Preferred,1,Clear cell chondrosarcoma,"C40._, C41._"
92430/3,Preferred,1,Dedifferentiated chondrosarcoma,"C40._, C41._"
92500/1,Preferred,1,"Giant cell tumour of bone, NOS","C40._, C41._"
92500/1,Synonym,0,"Osteoclastoma, NOS","C40._, C41._"
92501/1,Preferred,1,"Giant cell tumour of bone, conventional","C40._, C41._"
92500/3,Preferred,1,"Giant cell tumour of bone, malignant","C40._, C41._"
92500/3,Synonym,0,Giant cell sarcoma of bone,"C40._, C41._"
92500/3,Synonym,0,"Osteoclastoma, malignant","C40._, C41._"
92502/3,Preferred,1,"Giant cell tumour of bone, dedifferentiated","C40._, C41._"
92510/1,Preferred,1,"Giant cell tumour of soft parts, NOS",
92510/3,Preferred,1,Malignant giant cell tumour of soft parts,
92520/0,Preferred,1,"Tenosynovial giant cell tumour, NOS",C49._
92520/0,Synonym,0,"Tenosynovial giant cell tumour, localised",C49._
92520/0,Synonym,0,Fibrous histiocytoma of tendon sheath,C49._
92520/0,Synonym,0,"Giant cell tumour of tendon sheath, NOS",C49._
92520/1,Preferred,1,"Tenosynovial giant cell tumour, diffuse",C49._
92520/1,Synonym,0,Pigmented villonodular synovitis,
92520/3,Preferred,1,Malignant tenosynovial giant cell tumour,C49._
92520/3,Synonym,0,"Giant cell tumour of tendon sheath, malignant",C49._
92600/0,Preferred,1,Aneurysmal bone cyst,
92610/0,Preferred,1,Osteofibrous dysplasia,
92610/1,Preferred,1,Osteofibrous dysplasia-like adamantinoma,
92610/3,Preferred,1,Adamantinoma of long bones,C40._
92611/3,Preferred,1,Classic adamantinoma,
92612/3,Preferred,1,Dedifferentiated adamantinoma,
92620/0,Preferred,1,Ossifying fibroma,
92620/0,Synonym,0,Fibro-osteoma,
92620/0,Synonym,0,Osteofibroma,
92621/0,Preferred,1,Juvenile trabecular ossifying fibroma,
92622/0,Preferred,1,Psammomatoid ossifying fibroma,
92622/0,Synonym,0,Juvenile psammomatoid ossifying fibroma,
92700/0,Preferred,1,"Odontogenic tumour, benign",
92700/1,Preferred,1,"Odontogenic tumour, NOS",
92700/3,Preferred,1,"Odontogenic tumour, malignant",
92701/3,Preferred,1,Ameloblastic carcinoma,
92702/3,Preferred,1,Odontogenic carcinoma,
92703/3,Preferred,1,Sclerosing odontogenic carcinoma,
92704/3,Preferred,1,Primary intraosseous carcinoma,
92705/3,Preferred,1,Primary intraosseous squamous cell carcinoma,
92706/3,Preferred,1,Central intraosseous mucoepidermoid carcinoma,
92706/3,Synonym,0,Central intraosseous mucoepidermoid tumour,
92710/0,Preferred,1,Ameloblastic fibrodentinoma,
92710/0,Synonym,0,Dentinoma,
92720/0,Preferred,1,"Cementoma, NOS",
92720/0,Synonym,0,Periapical cemental dysplasia,
92720/0,Synonym,0,Periapical cemento-osseous dysplasia,
92730/0,Preferred,1,Cementoblastoma,
92730/0,Synonym,0,"Cementoblastoma, benign",
92740/0,Preferred,1,Cemento-ossifying fibroma,
92740/0,Synonym,0,Cementifying fibroma,
92750/0,Preferred,1,Gigantiform cementoma,
92750/0,Synonym,0,Florid osseous dysplasia,
92800/0,Preferred,1,"Odontoma, NOS",
92810/0,Preferred,1,Compound odontoma,
92820/0,Preferred,1,Complex odontoma,
92900/0,Preferred,1,Ameloblastic fibro-odontoma,
92900/0,Synonym,0,Fibroameloblastic odontoma,
92900/3,Preferred,1,Ameloblastic odontosarcoma,
92900/3,Synonym,0,Ameloblastic fibro-odontosarcoma,
92900/3,Synonym,0,Ameloblastic fibrodentinosarcoma,
93000/0,Preferred,1,Adenomatoid odontogenic tumour,
93000/0,Synonym,0,Adenoameloblastoma,
93010/0,Preferred,1,Calcifying odontogenic cyst,
93020/0,Preferred,1,Dentinogenic ghost cell tumour,
93020/0,Synonym,0,Odontogenic ghost cell tumour,
93020/3,Preferred,1,Ghost cell odontogenic carcinoma,
93100/0,Preferred,1,"Ameloblastoma, NOS",
93100/0,Synonym,0,"Adamantinoma, NOS",
93101/0,Preferred,1,"Ameloblastoma, unicystic, NOS",
93102/0,Preferred,1,Luminal unicystic ameloblastoma,
93103/0,Preferred,1,Intraluminal unicystic ameloblastoma,
93104/0,Preferred,1,Mural unicystic ameloblastoma,
93105/0,Preferred,1,"Ameloblastoma, adenoid",
93105/0,Synonym,0,Adenoid ameloblastoma with dentinoid,
93106/0,Preferred,1,"Ameloblastoma, extraosseous/peripheral",
93107/0,Preferred,1,"Ameloblastoma, conventional",
93108/0,Preferred,1,"Ameloblastoma, solid/multicystic",
93109/0,Preferred,1,Follicular ameloblastoma,
9310A/0,Preferred,1,Plexiform ameloblastoma,
9310B/0,Preferred,1,Acanthomatous ameloblastoma,
9310C/0,Preferred,1,Granular cell ameloblastoma,
9310D/0,Preferred,1,Basal cell ameloblastoma,
9310E/0,Preferred,1,Desmoplastic ameloblastoma,
93100/3,Preferred,1,Metastasizing ameloblastoma,
93100/3,Synonym,0,"Ameloblastoma, malignant",
93100/3,Synonym,0,"Adamantinoma, malignant",
93110/0,Preferred,1,Odontoameloblastoma,
93120/0,Preferred,1,Squamous odontogenic tumour,
93200/0,Preferred,1,Odontogenic myxoma,
93200/0,Synonym,0,Odontogenic fibromyxoma,
93200/0,Synonym,0,Odontogenic myxofibroma,
93210/0,Preferred,1,"Odontogenic fibroma, NOS",
93210/0,Synonym,0,Central odontogenic fibroma,
93211/0,Preferred,1,"Odontogenic fibroma, amyloid subtype",
93212/0,Preferred,1,"Odontogenic fibroma, granular cell subtype",
93213/0,Preferred,1,Hybrid odontogenic fibroma with central giant cell granuloma,
93220/0,Preferred,1,Peripheral odontogenic fibroma,
93300/0,Preferred,1,Ameloblastic fibroma,
93300/3,Preferred,1,"Odontogenic sarcoma, NOS",
93301/3,Preferred,1,Ameloblastic fibrosarcoma,
93301/3,Synonym,0,Ameloblastic sarcoma,
93301/3,Synonym,0,Odontogenic fibrosarcoma,
93400/0,Preferred,1,"Calcifying epithelial odontogenic tumour, NOS",
93400/0,Synonym,0,Pindborg tumour,
93401/0,Preferred,1,"Calcifying epithelial odontogenic tumour, clear cell",
93402/0,Preferred,1,"Calcifying epithelial odontogenic tumour, macrocystic/microcystic",
93403/0,Preferred,1,"Calcifying epithelial odontogenic tumour, non-calcifying/Langerhans cell-rich",
93410/3,Preferred,1,Clear cell odontogenic carcinoma,
93410/3,Synonym,0,Clear cell odontogenic tumour,
93420/3,Preferred,1,Odontogenic carcinosarcoma,
93500/1,Preferred,1,"Craniopharyngioma, NOS",C75.2
93500/1,Synonym,0,Rathke pouch tumour,C75.1
93510/1,Preferred,1,"Craniopharyngioma, adamantinomatous",C75.2
93520/1,Preferred,1,"Craniopharyngioma, papillary",C75.2
93600/1,Preferred,1,Pinealoma,C75.3
93610/1,Preferred,1,"Pineocytoma, NOS",C75.3
93620/3,Preferred,1,"Pineoblastoma, NOS",C75.3
93621/3,Preferred,1,Pineal parenchymal tumour of intermediate differentiation,C75.3
93621/3,Synonym,0,"Pineocytoma, malignant",C75.3
93621/3,Synonym,0,Pineocytoma with anaplasia,C75.3
93621/3,Synonym,0,Pineoblastoma with lobules,C75.3
93622/3,Preferred,1,Mixed pineal tumour,C75.3
93622/3,Synonym,0,Mixed pineocytoma-pineoblastoma,C75.3
93623/3,Preferred,1,Transitional pineal tumour,C75.3
93624/3,Preferred,1,"Pineoblastoma, miRNA processing-altered_1",C75.3
93625/3,Preferred,1,"Pineoblastoma, miRNA processing-altered_2",C75.3
93626/3,Preferred,1,"Pineoblastoma, RB1-altered (pineal retinoblastoma)",C75.3
93627/3,Preferred,1,"Pineoblastoma, MYC/FOXR2-activated",C75.3
93630/1,Preferred,1,"Melanotic neuroectodermal tumour, NOS",
93630/1,Synonym,0,Melanoameloblastoma,
93630/1,Synonym,0,Melanotic progonoma,
93630/1,Synonym,0,Retinal anlage tumour,
93630/3,Preferred,1,"Melanotic neuroectodermal tumour, malignant",
93640/3,Preferred,1,Ewing sarcoma,
93640/3,Synonym,0,Ewing tumour,
93640/3,Synonym,0,Askin tumour,
93641/3,Preferred,1,"Neuroectodermal tumour, NOS",
93641/3,Synonym,0,Neuroectodermal-type tumour,
93641/3,Synonym,0,Peripheral neuroectodermal tumour,
93641/3,Synonym,0,Peripheral primitive neuroectodermal tumour,
93641/3,Synonym,0,PPNET,
93642/3,Preferred,1,Adamantinoma-like Ewing sarcoma,
93660/3,Preferred,1,Round cell sarcoma with EWSR1::non-ETS fusions,
93661/3,Preferred,1,Round cell sarcoma with EWSR1/FUS::NFATC2,
93662/3,Preferred,1,Round cell sarcoma with EWSR1::PATZ1,
93670/3,Preferred,1,CIC-rearranged sarcoma,
93670/3,Synonym,0,CIC::DUX4 sarcoma,
93670/3,Synonym,0,CIC::NUTM1 sarcoma,
93670/3,Synonym,0,CNS Ewing family tumour with CIC alteration,
93680/3,Preferred,1,Sarcoma with BCOR genetic alterations,
93680/3,Synonym,0,BCOR-rearranged sarcoma,
93680/3,Related,0,Primitive myxoid mesenchymal tumour of infancy,
93680/3,Related,0,BCOR::CCNB3 sarcoma,
93680/3,Related,0,"Round cell sarcoma, infantile undifferentiated",
93700/0,Preferred,1,Benign notochordal cell tumour,
93700/0,Synonym,0,Benign notochordal tumour,
93700/3,Preferred,1,"Chordoma, NOS",
93701/3,Preferred,1,Conventional chordoma,
93702/3,Preferred,1,Poorly differentiated chordoma,
93710/3,Preferred,1,Chondroid chordoma,
93720/3,Preferred,1,Dedifferentiated chordoma,
93730/0,Preferred,1,Parachordoma,
93800/1,Preferred,1,"Glioma, low-grade",C71._
93800/3,Preferred,1,"Glioma, malignant",C71._
93800/3,Synonym,0,"Glioma, NOS",C71._
93801/3,Preferred,1,"Glioma, grade 2",C71._
93802/3,Preferred,1,"Glioma, high-grade",C71._
93802/3,Related,0,"Glioma, grade 3",C71._
93810/3,Preferred,1,Gliomatosis cerebri,C71._
93820/3,Preferred,1,"Oligoastrocytoma, NOS",C71._
93820/3,Synonym,0,Mixed glioma,C71._
93820/3,Synonym,0,Anaplastic oligoastrocytoma,C71._
93830/1,Preferred,1,Subependymoma,C71._
93830/1,Synonym,0,"Subependymal astrocytoma, NOS",C71._
93830/1,Synonym,0,Subependymal glioma,C71._
93831/1,Preferred,1,Mixed subependymoma-ependymoma,C71._
93840/1,Preferred,1,Subependymal giant cell astrocytoma,C71._
93841/1,Preferred,1,Retinal astrocytic hamartoma,C69.2
93841/1,Synonym,0,Astrocytic hamartoma of retina,C69.2
93841/1,Synonym,0,Acquired retinal astrocytoma,C69.2
93842/1,Preferred,1,Giant cell astrocytoma of retina,C69.2
93850/3,Preferred,1,"Diffuse midline glioma, NOS",C71._
93850/3,Synonym,0,"Diffuse intrinsic pontine glioma, NOS",C71._
93851/3,Preferred,1,"Diffuse midline glioma, H3 K27-altered",
93851/3,Synonym,0,"Diffuse midline glioma, H3 K27M-mutant",C71._
93851/3,Synonym,0,"Diffuse intrinsic pontine glioma, H3 K27M-mutant",C71.7
93852/3,Preferred,1,"Diffuse midline glioma, H3.3 K27-mutant",
93853/3,Preferred,1,"Diffuse midline glioma, H3.1 or H3.2 K27-mutant",
93854/3,Preferred,1,"Diffuse hemispheric glioma, H3 G34-mutant",
93855/3,Preferred,1,"Diffuse paediatric-type high-grade glioma, H3-wildtype and IDH-wildtype",
93856/3,Preferred,1,"Infant-type hemispheric glioma, NOS",
93857/3,Preferred,1,"Infant-type hemispheric glioma, NTRK-altered",
93858/3,Preferred,1,"Infant-type hemispheric glioma, ROS1-altered",
93859/3,Preferred,1,"Infant-type hemispheric glioma, ALK-altered",
9385A/3,Preferred,1,"Infant-type hemispheric glioma, MET-altered",
9385B/3,Preferred,1,"Diffuse midline glioma, EGFR-mutant",
9385C/3,Preferred,1,Diffuse paediatric-type high-grade glioma RTK2,
9385D/3,Preferred,1,Diffuse paediatric-type high-grade glioma RTK1,
9385E/3,Preferred,1,Diffuse paediatric-type high-grade glioma MYCN,
9385F/3,Preferred,1,"Diffuse midline glioma, H3-wildtype with EZHIP overexpression",
93900/0,Preferred,1,"Choroid plexus papilloma, NOS",C71.5
93900/1,Preferred,1,Atypical choroid plexus papilloma,C71.5
93900/3,Preferred,1,Choroid plexus carcinoma,C71.5
93900/3,Synonym,0,"Choroid plexus papilloma, anaplastic",C71.5
93900/3,Synonym,0,"Choroid plexus papilloma, malignant",C71.5
93910/1,Preferred,1,Ependymal pituicytoma,C75.1
93910/1,Synonym,0,Sellar ependymoma,C75.1
93910/1,Synonym,0,Pituicytoma with ependymal features,C75.1
93910/3,Preferred,1,"Ependymoma, NOS",C71._
93910/3,Synonym,0,Epithelial ependymoma,C71._
93910/3,Related,0,"Ependymoma, supratentorial",
93910/3,Related,0,"Ependymoma, spinal",C72.0
93910/3,Related,0,"Ependymoma, posterior fossa",
93911/3,Preferred,1,Cellular ependymoma,C71._
93912/3,Preferred,1,Clear cell ependymoma,C71._
93913/3,Preferred,1,Tanycytic ependymoma,C71._
93920/3,Preferred,1,"Ependymoma, anaplastic",C71._
93920/3,Synonym,0,Ependymoblastoma,C71._
93930/3,Preferred,1,Papillary ependymoma,C71._
93940/1,Preferred,1,Myxopapillary ependymoma,C72.0
93950/3,Preferred,1,Papillary tumour of pineal region,C75.3
93960/3,Preferred,1,"Ependymoma, RELA fusion-positive",C71._
93961/3,Preferred,1,"Supratentorial ependymoma, ZFTA fusion-positive",
93962/3,Preferred,1,"Supratentorial ependymoma, YAP1 fusion-positive",
93963/3,Preferred,1,Posterior fossa group A (PFA) ependymoma,
93964/3,Preferred,1,Posterior fossa group B (PFB) ependymoma,
93965/3,Preferred,1,"Spinal ependymoma, MYCN-amplified",C72.0
94000/3,Preferred,1,"Astrocytoma, NOS",C71._
94000/3,Synonym,0,Astrocytic glioma,C71._
94000/3,Synonym,0,Astroglioma,C71._
94001/3,Preferred,1,"Astrocytoma, low-grade",C71._
94002/3,Preferred,1,"Astrocytoma, grade 2",C71._
94003/3,Preferred,1,Cystic astrocytoma,C71._
94004/3,Preferred,1,"Diffuse astrocytoma, NOS",C71._
94005/3,Preferred,1,"Diffuse astrocytoma, low-grade",C71._
94005/3,Synonym,0,"Diffuse astrocytoma, grade 2",C71._
94006/3,Preferred,1,"Astrocytoma, IDH-wildtype, NOS",C71._
94007/3,Preferred,1,"Astrocytoma, IDH-mutant, NOS",C71._
94008/3,Preferred,1,"Astrocytoma, IDH-mutant, grade 2",C71._
94008/3,Synonym,0,"Diffuse astrocytoma, IDH-mutant",C71._
94010/3,Preferred,1,"Astrocytoma, anaplastic, NOS",C71._
94010/3,Synonym,0,"Astrocytoma, grade 3, NOS",C71._
94011/3,Preferred,1,"Astrocytoma, anaplastic, IDH-wildtype",C71._
94012/3,Preferred,1,"Astrocytoma, IDH-mutant, grade 3",C71._
94012/3,Synonym,0,"Astrocytoma, anaplastic, IDH-mutant",C71._
94100/3,Preferred,1,Protoplasmic astrocytoma,C71._
94110/3,Preferred,1,"Gemistocytic astrocytoma, NOS",C71._
94110/3,Synonym,0,Gemistocytoma,C71._
94111/3,Preferred,1,"Gemistocytic astrocytoma, IDH-mutant",C71._
94120/1,Preferred,1,Desmoplastic infantile astrocytoma,C71._
94121/1,Preferred,1,Desmoplastic infantile ganglioglioma,C71._
94130/0,Preferred,1,Dysembryoplastic neuroepithelial tumour,C71._
94131/0,Preferred,1,Polymorphous low-grade neuroepithelial tumour of young (PLNTY),C71._
94200/3,Preferred,1,Fibrillary astrocytoma,C71._
94200/3,Synonym,0,Fibrous astrocytoma,C71._
94210/1,Preferred,1,"Pilocytic astrocytoma, NOS",C71._
94210/1,Synonym,0,"Spongioblastoma, NOS",C71._
94210/1,Synonym,0,Juvenile astrocytoma,C71._
94210/1,Synonym,0,Piloid astrocytoma,C71._
94211/1,Preferred,1,"Diffuse astrocytoma, MYB- or MYBL1-altered",C71._
94212/1,Preferred,1,"Diffuse astrocytoma, MYB-altered",C71._
94213/1,Preferred,1,"Diffuse astrocytoma, MYBL1-altered",C71._
94214/1,Preferred,1,"Diffuse low-grade glioma, MAPK pathway-altered",C71._
94214/1,Synonym,0,"Oligodendroglioma, paediatric-type",C71._
94215/1,Preferred,1,"Diffuse low-grade glioma, FGFR1 tyrosine kinase domain-duplicated",C71._
94216/1,Preferred,1,"Diffuse low-grade glioma, FGFR1-mutant",C71._
94217/1,Preferred,1,"Diffuse low-grade glioma, BRAF p.V600E-mutant",C71._
94218/1,Preferred,1,Pilocytic astrocytoma with histological features of anaplasia,C71._
94210/3,Preferred,1,High-grade astrocytoma with piloid features,C71._
94230/3,Preferred,1,Polar spongioblastoma,C71._
94230/3,Synonym,0,Primitive polar spongioblastoma,C71._
94230/3,Synonym,0,Spongioblastoma polare,C71._
94240/3,Preferred,1,"Pleomorphic xanthoastrocytoma, NOS",C71._
94241/3,Preferred,1,"Pleomorphic xanthoastrocytoma, grade 2",C71._
94242/3,Preferred,1,"Pleomorphic xanthoastrocytoma, grade 3",C71._
94242/3,Synonym,0,Anaplastic pleomorphic xanthoastrocytoma,C71._
94250/3,Preferred,1,Pilomyxoid astrocytoma,C71._
94300/3,Preferred,1,"Astroblastoma, NOS",C71._
94301/3,Preferred,1,"Astroblastoma, MN1-altered",C71._
94310/1,Preferred,1,Angiocentric glioma,C71._
94320/1,Preferred,1,"Pituicytoma, NOS",C75.1
94400/3,Preferred,1,"Glioblastoma, NOS",C71._
94400/3,Synonym,0,Spongioblastoma multiforme,C71._
94400/3,Synonym,0,Glioblastoma multiforme,C71._
94401/3,Preferred,1,Epithelioid glioblastoma,C71._
94402/3,Preferred,1,"Glioblastoma, IDH-wildtype",C71._
94402/3,Synonym,0,"Glioblastoma, primary, NOS",C71._
94410/3,Preferred,1,Giant cell glioblastoma,C71._
94410/3,Synonym,0,Monstrocellular sarcoma,C71._
94420/1,Preferred,1,Gliofibroma,C71._
94420/3,Preferred,1,Gliosarcoma,C71._
94420/3,Synonym,0,Glioblastoma with sarcomatous component,C71._
94440/1,Preferred,1,Chordoid glioma,C71._
94440/1,Related,0,Chordoid glioma of third ventricle,C71.5
94450/3,Preferred,1,"Astrocytoma, IDH-mutant, grade 4",C71._
94450/3,Synonym,0,"Glioblastoma, IDH-mutant",C71._
94450/3,Synonym,0,"Glioblastoma, primary, IDH-mutant",C71._
94450/3,Synonym,0,"Glioblastoma, secondary, IDH-mutant",C71._
94450/3,Synonym,0,"Glioblastoma, secondary, NOS",C71._
94500/3,Preferred,1,"Oligodendroglioma, NOS",C71._
94501/3,Preferred,1,"Oligodendroglioma, IDH-mutant and 1p/19q-codeleted, NOS",C71._
94502/3,Preferred,1,"Oligodendroglioma, IDH-mutant and 1p/19q-codeleted, grade 2",C71._
94502/3,Synonym,0,"Oligodendroglioma, IDH-mutant and 1p/19q-codeleted, low-grade",C71._
94510/3,Preferred,1,"Oligodendroglioma, anaplastic, NOS",C71._
94510/3,Synonym,0,"Oligodendroglioma, high-grade/grade 3, NOS",C71._
94511/3,Preferred,1,"Oligodendroglioma, IDH-mutant and 1p/19q-codeleted, grade 3",C71._
94511/3,Synonym,0,"Oligodendroglioma, anaplastic, IDH-mutant and 1p/19q codeleted",C71._
94511/3,Synonym,0,"Oligodendroglioma, high-grade, IDH-mutant and 1p/19q codeleted",C71._
94600/3,Preferred,1,Oligodendroblastoma,C71._
94700/3,Preferred,1,"Medulloblastoma, NOS",C71.6
94701/3,Preferred,1,Classic medulloblastoma,C71.6
94702/3,Preferred,1,Melanotic medulloblastoma,C71.6
94710/3,Preferred,1,Desmoplastic nodular medulloblastoma,C71.6
94710/3,Synonym,0,Circumscribed arachnoidal cerebellar sarcoma,C71.6
94710/3,Synonym,0,"Desmoplastic medulloblastoma, NOS",C71.6
94711/3,Preferred,1,Medulloblastoma with extensive nodularity,C71.6
94712/3,Preferred,1,"Medulloblastoma, SHH-activated and TP53-wildtype",C71.6
94713/3,Preferred,1,"Medulloblastoma, SHH activated, NOS",C71.6
94720/3,Preferred,1,Medullomyoblastoma,C71.6
94730/3,Preferred,1,"CNS embryonal tumour, NEC/NOS",
94730/3,Synonym,0,"CNS embryonal tumour, NOS",
94730/3,Synonym,0,"Primitive neuroectodermal tumour, NOS",
94730/3,Synonym,0,"PNET, NOS",
94730/3,Synonym,0,Central primitive neuroectodermal tumour,C71._
94730/3,Synonym,0,CPNET,C71._
94730/3,Synonym,0,Supratentorial PNET,C71._
94740/3,Preferred,1,Large cell medulloblastoma,C71.6
94741/3,Preferred,1,Anaplastic medulloblastoma,C71.6
94750/3,Preferred,1,"Medulloblastoma, WNT-activated, NOS",C71.6
94751/3,Preferred,1,"Medulloblastoma, WNT-activated, classic",C71.6
94752/3,Preferred,1,"Medulloblastoma, WNT-activated, large cell type",C71.6
94753/3,Preferred,1,"Medulloblastoma, WNT-activated, anaplastic type",C71.6
94760/3,Preferred,1,"Medulloblastoma, SHH-activated and TP53-mutant",C71.6
94770/3,Preferred,1,"Medulloblastoma, non-WNT/non-SHH",C71.6
94771/3,Preferred,1,"Medulloblastoma, group 3",C71.6
94772/3,Preferred,1,"Medulloblastoma, group 4",C71.6
94780/3,Preferred,1,"Embryonal tumour with multilayered rosettes, NOS",C71._
94781/3,Preferred,1,"Embryonal tumour with multilayered rosettes, C19MC-altered",C71._
94781/3,Synonym,0,Embryonal tumour with multilayered rosettes with C19MC-alteration,C71._
94782/3,Preferred,1,"Embryonal tumour with multilayered rosettes, DICER1-mutated",C71._
94800/3,Preferred,1,"Cerebellar sarcoma, NOS",C71.6
94801/3,Preferred,1,"Primary intracranial sarcoma, DICER1-mutant",C71._
94900/0,Preferred,1,"Ganglioneuroma, NOS",
94901/0,Preferred,1,Maturing ganglioneuroma,
94902/0,Preferred,1,Mature ganglioneuroma,
94900/3,Preferred,1,"Ganglioneuroblastoma, NOS",
94900/3,Related,0,CNS ganglioneuroblastoma,
94903/3,Preferred,1,"Ganglioneuroblastoma, intermixed",
94903/3,Synonym,0,Schwannian stroma-rich intermixed tumour,
94904/3,Preferred,1,"Ganglioneuroblastoma, nodular",
94910/0,Preferred,1,Ganglioneuromatosis,
94920/0,Preferred,1,"Gangliocytoma, NOS",
94921/0,Preferred,1,Mixed gangliocytoma-PitNET/adenoma,
94930/0,Preferred,1,Dysplastic cerebellar gangliocytoma (Lhermitte-Duclos disease),C71.6
94930/0,Synonym,0,Dysplastic gangliocytoma of cerebellum (Lhermitte-Duclos disease),C71.6
95000/3,Preferred,1,"Neuroblastoma, NOS",
95000/3,Synonym,0,Central neuroblastoma,C71._
95000/3,Synonym,0,"CNS neuroblastoma, NOS",
95000/3,Synonym,0,Sympathicoblastoma,
95001/3,Preferred,1,"CNS neuroblastoma, FOXR2-activated",
95002/3,Preferred,1,CNS tumour with BCOR internal tandem duplication,
95003/3,Preferred,1,Undifferentiated neuroblastoma,
95004/3,Preferred,1,Poorly differentiated neuroblastoma,
95005/3,Preferred,1,Differentiating neuroblastoma,
95010/0,Preferred,1,"Medulloepithelioma, benign",C69.4
95010/0,Synonym,0,"Diktyoma, benign",C69._
95010/0,Synonym,0,"Non-teratoid medulloepithelioma, benign",
95010/3,Preferred,1,"Medulloepithelioma, NOS",
95010/3,Synonym,0,"Medulloepithelioma, malignant",
95010/3,Synonym,0,"Diktyoma, malignant",C69._
95010/3,Synonym,0,"Non-teratoid medulloepithelioma, malignant",
95020/0,Preferred,1,"Teratoid medulloepithelioma, benign",C69.4
95020/3,Preferred,1,"Teratoid medulloepithelioma, NOS",
95020/3,Synonym,0,"Teratoid medulloepithelioma, malignant",
95030/3,Preferred,1,"Neuroepithelioma, NOS",
95040/3,Preferred,1,Spongioneuroblastoma,
95050/1,Preferred,1,"Ganglioglioma, NOS",
95050/1,Synonym,0,Glioneuroma,
95050/1,Synonym,0,Neuroastrocytoma,
95050/3,Preferred,1,"Ganglioglioma, anaplastic",
95060/1,Preferred,1,Sellar neurocytoma,C75.1
95060/1,Synonym,0,Neurocytoma of sellar region,C75.1
95060/1,Related,0,Central neurocytoma,
95060/1,Synonym,0,"Neurocytoma, NOS",
95060/1,Related,0,Hypothalamic neurocytoma,C71.0
95061/1,Preferred,1,Cerebellar liponeurocytoma,C71.6
95061/1,Synonym,0,Lipomatous medulloblastoma,C71.6
95061/1,Synonym,0,Medullocytoma,C71.6
95061/1,Synonym,0,Neurolipocytoma,C71.6
95062/1,Preferred,1,Extraventricular neurocytoma,
95070/0,Preferred,1,Pacinian tumour,
95080/3,Preferred,1,CNS embryonal tumour with rhabdoid features,C71._
95081/3,Preferred,1,"Atypical teratoid/rhabdoid tumour, NOS",C71._
95082/3,Preferred,1,Atypical teratoid/rhabdoid tumour SHH,C71._
95083/3,Preferred,1,Atypical teratoid/rhabdoid tumour TYR,C71._
95084/3,Preferred,1,Atypical teratoid/rhabdoid tumour MYC,C71._
95090/0,Preferred,1,Multinodular and vacuolating neuronal tumour,C71._
95090/1,Preferred,1,Papillary glioneuronal tumour,C71._
95091/1,Preferred,1,Rosette-forming glioneuronal tumour,C71._
95092/1,Preferred,1,Myxoid glioneuronal tumour,C71._
95093/1,Preferred,1,"Glioneuronal tumour, NOS",C71._
95090/3,Preferred,1,"Diffuse leptomeningeal glioneuronal tumour, NOS",
95091/3,Preferred,1,Diffuse leptomeningeal glioneuronal tumour with 1q gain,
95092/3,Preferred,1,"Diffuse leptomeningeal glioneuronal tumour, methylation class 1 (DLGNT-MC-1)",
95093/3,Preferred,1,"Diffuse leptomeningeal glioneuronal tumour, methylation class 2 (DLGNT-MC-2)",
95100/0,Preferred,1,Retinocytoma,C69.2
95100/3,Preferred,1,"Retinoblastoma, NOS",C69.2
95101/3,Preferred,1,Unilateral retinoblastoma,C69.2
95102/3,Preferred,1,Bilateral retinoblastoma,C69.2
95103/3,Preferred,1,Trilateral retinoblastoma,C69.2
95110/3,Preferred,1,"Retinoblastoma, differentiated",C69.2
95120/3,Preferred,1,"Retinoblastoma, undifferentiated",C69.2
95130/3,Preferred,1,"Retinoblastoma, diffuse",C69.2
95140/1,Preferred,1,"Retinoblastoma, spontaneously regressed",C69.2
95200/3,Preferred,1,Olfactory neurogenic tumour,
95210/3,Preferred,1,Olfactory neurocytoma,C30.0
95210/3,Synonym,0,Esthesioneurocytoma,C30.0
95220/3,Preferred,1,Olfactory neuroblastoma,C30.0
95220/3,Synonym,0,Esthesioneuroblastoma,C30.0
95230/3,Preferred,1,Olfactory neuroepithelioma,C30.0
95230/3,Synonym,0,Esthesioneuroepithelioma,C30.0
95300/0,Preferred,1,"Meningioma, NOS",
95300/0,Related,0,Ectopic meningioma,
95300/0,Synonym,0,Extradural meningioma,
95300/0,Synonym,0,Extracranial/extraspinal meningioma,
95300/0,Synonym,0,Extraneuraxial meningioma,
95300/0,Synonym,0,Heterotopic meningioma,
95300/0,Related,0,Calvarial meningioma,C41.0
95300/0,Synonym,0,Intraosseous meningioma,
95301/0,Preferred,1,Lymphoplasmacyte-rich meningioma,
95302/0,Preferred,1,Metaplastic meningioma,
95303/0,Preferred,1,Microcystic meningioma,
95304/0,Preferred,1,Secretory meningioma,
95300/3,Preferred,1,"Meningioma, anaplastic",
95300/3,Synonym,0,"Meningioma, malignant",
95300/3,Synonym,0,"Meningioma, grade 3",
95300/3,Synonym,0,Leptomeningeal sarcoma,
95300/3,Synonym,0,Meningeal sarcoma,
95300/3,Synonym,0,Meningothelial sarcoma,
95310/0,Preferred,1,Meningothelial meningioma,
95310/0,Synonym,0,Endotheliomatous meningioma,
95310/0,Synonym,0,Syncytial meningioma,
95320/0,Preferred,1,Fibrous meningioma,
95320/0,Synonym,0,Fibroblastic meningioma,
95330/0,Preferred,1,Psammomatous meningioma,
95340/0,Preferred,1,Angiomatous meningioma,
95350/0,Preferred,1,Haemangioblastic meningioma,
95350/0,Synonym,0,Angioblastic meningioma,
95370/0,Preferred,1,Transitional meningioma,
95370/0,Synonym,0,Mixed meningioma,
95380/1,Preferred,1,Clear cell meningioma,
95381/1,Preferred,1,Chordoid meningioma,
95382/3,Preferred,1,Rhabdoid meningioma,
95383/3,Preferred,1,Papillary meningioma,
95390/1,Preferred,1,Atypical meningioma,
95390/3,Preferred,1,Meningeal sarcomatosis,
95400/0,Preferred,1,"Neurofibroma, NOS",
95405/0,Preferred,1,Cellular neurofibroma,
95406/0,Preferred,1,Diffuse neurofibroma,
95407/0,Preferred,1,Nodular neurofibroma,
95408/0,Preferred,1,Massive soft tissue neurofibroma,
95409/0,Preferred,1,Solitary neurofibroma,
9540A/0,Preferred,1,"Neurofibroma, ancient",
95400/1,Preferred,1,Atypical neurofibroma/Atypical neurofibromatous neoplasm of uncertain biological potential,
95400/1,Synonym,0,Atypical neurofibroma,
95400/1,Synonym,0,Atypical neurofibromatous neoplasm of uncertain biological potential,
95400/3,Preferred,1,"Malignant peripheral nerve sheath tumour, NOS",
95400/3,Synonym,0,"MPNST, NOS",
95400/3,Synonym,0,Neurofibrosarcoma,
95400/3,Synonym,0,Neurogenic sarcoma,
95400/3,Synonym,0,Neurosarcoma,
95401/3,Preferred,1,Malignant melanotic nerve sheath tumour,
95401/3,Synonym,0,Melanotic MPNST,
95401/3,Synonym,0,Melanotic psammomatous MPNST,
95401/3,Synonym,0,Malignant melanotic Schwannian tumour,
95401/3,Synonym,0,Melanotic schwannoma,
95401/3,Synonym,0,"Schwannoma, psammomatous melanotic",
95401/3,Synonym,0,Pigmented schwannoma,
95402/3,Preferred,1,MPNST with glandular differentiation,
95403/3,Preferred,1,MPNST with mesenchymal differentiation,
95404/3,Preferred,1,MPNST with perineurial differentiation,
95404/3,Synonym,0,Perineurial malignant peripheral nerve sheath tumour,
95410/0,Preferred,1,Melanotic neurofibroma,
95420/3,Preferred,1,"Malignant peripheral nerve sheath tumour, epithelioid",
95420/3,Synonym,0,Epithelioid MPNST,
95500/0,Preferred,1,Plexiform neurofibroma,
95500/0,Synonym,0,Plexiform neuroma,
95600/0,Preferred,1,"Schwannoma, NOS",
95600/0,Synonym,0,"Neurilemoma, NOS",
95600/0,Synonym,0,Neurinoma,
95600/0,Related,0,Vestibular schwannoma,C72.4
95600/0,Synonym,0,Acoustic neuroma,C72.4
95601/0,Preferred,1,Ancient schwannoma,
95602/0,Preferred,1,Cellular schwannoma,
95603/0,Preferred,1,Degenerated schwannoma,
95604/0,Preferred,1,Plexiform schwannoma,
95605/0,Preferred,1,Psammomatous schwannoma,
95606/0,Preferred,1,Epithelioid schwannoma,
95607/0,Preferred,1,Microcystic/reticular schwannoma,
95607/0,Synonym,0,Microcystic reticular schwannoma,
95608/0,Preferred,1,Neuroblastoma-like schwannoma,
95600/3,Preferred,1,"Neurilemoma, malignant",
95600/3,Synonym,0,"Malignant schwannoma, NOS",
95600/3,Synonym,0,Neurilemmosarcoma,
95610/3,Preferred,1,Malignant peripheral nerve sheath tumour with rhabdomyoblastic differentiation,
95610/3,Synonym,0,Malignant schwannoma with rhabdomyoblastic differentiation,
95610/3,Synonym,0,MPNST with rhabdomyoblastic differentiation,
95610/3,Synonym,0,"Triton tumour, malignant",
95620/0,Preferred,1,Cellular neurothekeoma,
95620/0,Synonym,0,"Neurothekeoma, NOS",
95621/0,Preferred,1,Dermal nerve sheath myxoma,C44._
95621/0,Synonym,0,Nerve sheath myxoma,
95630/0,Preferred,1,"Nerve sheath tumour, NOS",
95631/0,Preferred,1,Hybrid nerve sheath tumour,
95631/0,Synonym,0,"Benign nerve sheath tumour, NOS",
95631/0,Synonym,0,"Benign peripheral nerve sheath tumour, NOS",
95631/0,Related,0,Perineurioma/schwannoma,
95631/0,Synonym,0,Schwannoma/perineurioma,
95631/0,Related,0,Neurofibroma/schwannoma,
95631/0,Related,0,Neurofibroma/perineurioma,
95631/0,Synonym,0,Perineurioma/neurofibroma,
95632/0,Preferred,1,"Epithelial sheath neuroma, NOS",
95632/0,Synonym,0,"Dermal hyperneury, NOS",
95633/0,Preferred,1,"Dermal hyperneury/epithelial sheath neuroma, syndromic",
95634/0,Preferred,1,"Dermal hyperneury/epithelial sheath neuroma, sporadic",
95635/0,Preferred,1,NTRK-rearranged spindle cell neoplasm,
95635/0,Synonym,0,Lipofibromatosis-like neural tumour,
95635/0,Synonym,0,NTRK-positive tumour resembling peripheral nerve sheath tumour,
95700/0,Preferred,1,"Neuroma, NOS",
95701/0,Preferred,1,Solitary circumscribed neuroma,
95701/0,Synonym,0,Palisaded encapsulated neuroma,
95701/0,Synonym,0,Palisaded and encapsulated neuroma,
95702/0,Preferred,1,"Neuroma, plexiform solitary circumscribed",
95710/0,Preferred,1,"Perineurioma, NOS",
95710/0,Synonym,0,"Fibroblastic polyp, benign",
95711/0,Preferred,1,Intraneural perineurioma,
95712/0,Preferred,1,Soft tissue perineurioma,
95713/0,Preferred,1,Reticular perineurioma,
95714/0,Preferred,1,Sclerosing perineurioma,
95710/3,Preferred,1,"Perineurioma, malignant",
95800/0,Preferred,1,"Granular cell tumour, NOS",
95800/0,Synonym,0,"Granular cell myoblastoma, NOS",
95800/3,Preferred,1,"Granular cell tumour, malignant",
95800/3,Synonym,0,"Granular cell myoblastoma, malignant",
95810/3,Preferred,1,Alveolar soft part sarcoma,
95820/0,Preferred,1,Granular cell tumour of sellar region,C75.1
95820/0,Synonym,0,Granular cell pituicytoma,C75.1
95820/0,Synonym,0,Pituicytoma with granular features,C75.1
95900/3,Preferred,1,"Malignant lymphoma, NOS",
95900/3,Synonym,0,"Lymphoma, NOS",
95900/3,Synonym,0,Microglioma,C71._
95911/1,Preferred,1,"Monoclonal B-cell lymphocytosis, NOS",
95912/1,Preferred,1,"Monoclonal B-cell lymphocytosis, non-chronic lymphocytic leukaemia type",
95912/1,Synonym,0,"Monoclonal B-cell lymphocytosis, non-CLL type",
95912/1,Synonym,0,"Monoclonal B-cell lymphocytosis, non-CLL/SLL type",
95910/3,Preferred,1,"Malignant lymphoma, non-Hodgkin, NOS",
95910/3,Synonym,0,"Non-Hodgkin lymphoma, NOS",
95910/3,Related,0,"Malignant lymphoma, lymphocytic, intermediate differentiation, nodular",
95910/3,Related,0,"Malignant lymphoma, lymphocytic, poorly differentiated, diffuse",
95910/3,Synonym,0,"Malignant lymphoma, cleaved cell, NOS",
95910/3,Synonym,0,"Malignant lymphoma, small cleaved cell, NOS",
95910/3,Related,0,"Malignant lymphoma, small cell, noncleaved, diffuse",
95910/3,Synonym,0,"Malignant lymphoma, undifferentiated cell type, NOS",
95910/3,Synonym,0,"Malignant lymphoma, undifferentiated cell, non-Burkitt",
95910/3,Related,0,"Malignant lymphoma, small cleaved cell, diffuse",
95910/3,Related,0,"Lymphosarcoma, NOS",
95910/3,Synonym,0,"Lymphosarcoma, diffuse",
95910/3,Related,0,"Malignant lymphoma, non-cleaved cell, NOS",
95910/3,Related,0,"Reticulum cell sarcoma, NOS",
95910/3,Synonym,0,"Reticulosarcoma, NOS",
95910/3,Synonym,0,"Reticulum cell sarcoma, diffuse",
95910/3,Synonym,0,"Reticulosarcoma, diffuse",
95911/3,Preferred,1,"B-cell lymphoma, NOS",
95913/3,Preferred,1,"Malignant lymphoma, diffuse, NOS",
95914/3,Preferred,1,Splenic B-cell lymphoma/Leukaemia with prominent nucleoli,C42.2
95914/3,Synonym,0,Hairy cell leukaemia variant,
95915/3,Preferred,1,Splenic diffuse red pulp small B-cell lymphoma,C42.2
95916/3,Preferred,1,"Splenic B-cell lymphoma/leukaemia, unclassifiable",C42.2
95917/3,Preferred,1,"B-cell lymphoma, low-grade",
95960/3,Preferred,1,Mediastinal grey zone lymphoma,
95960/3,Synonym,0,Composite Hodgkin and non-Hodgkin lymphoma,
95960/3,Synonym,0,"B-cell lymphoma, unclassifiable, with features intermediate between diffuse large B-cell lymphoma and classic Hodgkin lymphoma",
95970/3,Preferred,1,Primary cutaneous follicle centre lymphoma,C44._
96500/3,Preferred,1,"Hodgkin lymphoma, NOS",
96500/3,Synonym,0,"Hodgkin disease, NOS",
96500/3,Synonym,0,"Malignant lymphoma, Hodgkin",
96501/3,Preferred,1,"Classic Hodgkin lymphoma, NOS",
96502/3,Preferred,1,Classical Hodgkin lymphoma post-transplant lymphoproliferative disease,
96510/3,Preferred,1,"Classic Hodgkin lymphoma, lymphocyte-rich",
96510/3,Synonym,0,"Hodgkin lymphoma, lymphocyte-rich",
96510/3,Synonym,0,"Classical Hodgkin lymphoma, lymphocyte-rich",
96510/3,Synonym,0,"Hodgkin disease, lymphocyte predominance, NOS",
96510/3,Synonym,0,"Hodgkin disease, lymphocyte predominance, diffuse",
96510/3,Synonym,0,"Hodgkin disease, lymphocytic-histiocytic predominance",
96520/3,Preferred,1,"Classic Hodgkin lymphoma, mixed-cellularity",
96520/3,Synonym,0,"Hodgkin lymphoma, mixed-cellularity, NOS",
96520/3,Synonym,0,"Classical Hodgkin lymphoma, mixed-cellularity, NOS",
96530/3,Preferred,1,"Classic Hodgkin lymphoma, lymphocyte-depleted",
96530/3,Synonym,0,"Hodgkin lymphoma, lymphocyte depletion, NOS",
96530/3,Synonym,0,"Classical Hodgkin lymphoma, lymphocyte depletion, NOS",
96540/3,Preferred,1,"Hodgkin lymphoma, lymphocyte depletion, diffuse fibrosis",
96540/3,Synonym,0,"Classical Hodgkin lymphoma, lymphocyte depletion, diffuse fibrosis",
96550/3,Preferred,1,"Hodgkin lymphoma, lymphocyte depletion, reticular",
96550/3,Synonym,0,"Classical Hodgkin lymphoma, lymphocyte depletion, reticular",
96590/3,Preferred,1,"Hodgkin lymphoma, nodular lymphocyte-predominant",
96590/3,Synonym,0,Nodular lymphocyte predominant B-cell lymphoma,
96590/3,Synonym,0,"Hodgkin lymphoma, nodular lymphocyte-predominant type",
96590/3,Synonym,0,"Hodgkin paragranuloma, NOS",
96590/3,Synonym,0,"Hodgkin paragranuloma, nodular",
96610/3,Preferred,1,Hodgkin granuloma,
96620/3,Preferred,1,Hodgkin sarcoma,
96630/3,Preferred,1,"Classic Hodgkin lymphoma, nodular sclerosis, NOS",
96630/3,Synonym,0,"Hodgkin lymphoma, nodular sclerosis, NOS",
96630/3,Synonym,0,"Classical Hodgkin lymphoma, nodular sclerosis, NOS",
96630/3,Synonym,0,"Hodgkin disease, nodular sclerosis, NOS",
96640/3,Preferred,1,"Hodgkin lymphoma, nodular sclerosis, cellular phase",
96640/3,Synonym,0,"Classic Hodgkin lymphoma, nodular sclerosis, cellular phase",
96640/3,Synonym,0,"Classical Hodgkin lymphoma, nodular sclerosis, cellular phase",
96650/3,Preferred,1,"Hodgkin lymphoma, nodular sclerosis, grade 1",
96650/3,Synonym,0,"Classic Hodgkin lymphoma, nodular sclerosis, grade 1",
96650/3,Synonym,0,"Classical Hodgkin lymphoma, nodular sclerosis, grade 1",
96650/3,Synonym,0,"Hodgkin disease, nodular sclerosis, lymphocyte predominance",
96650/3,Synonym,0,"Hodgkin disease, nodular sclerosis, mixed-cellularity",
96670/3,Preferred,1,"Hodgkin lymphoma, nodular sclerosis, grade 2",
96670/3,Synonym,0,"Classic Hodgkin lymphoma, nodular sclerosis, grade 2",
96670/3,Synonym,0,"Classical Hodgkin lymphoma, nodular sclerosis, grade 2",
96670/3,Synonym,0,"Hodgkin disease, nodular sclerosis, lymphocyte depletion",
96670/3,Synonym,0,"Hodgkin disease, nodular sclerosis, syncytial variant",
96710/3,Preferred,1,Lymphoplasmacytic lymphoma,
96710/3,Synonym,0,"Malignant lymphoma, lymphoplasmacytoid",
96710/3,Synonym,0,Immunocytoma,
96710/3,Synonym,0,"Malignant lymphoma, plasmacytoid",
96710/3,Synonym,0,Plasmacytic lymphoma,
96730/1,Preferred,1,In situ mantle cell neoplasm,
96730/1,Synonym,0,In situ mantle cell neoplasia,
96730/1,Synonym,0,In situ mantle cell lymphoma,
96730/3,Preferred,1,"Mantle cell lymphoma, NOS",
96730/3,Synonym,0,"Mantle cell lymphoma, conventional",
96730/3,Synonym,0,"Malignant lymphoma, centrocytic",
96730/3,Synonym,0,"Malignant lymphoma, lymphocytic, intermediate differentiation, diffuse",
96730/3,Synonym,0,Malignant lymphomatous polyposis,
96730/3,Synonym,0,Mantle zone lymphoma,
96731/3,Preferred,1,"Mantle cell lymphoma, Cyclin D1-positive",
96732/3,Preferred,1,"Mantle cell lymphoma, Cyclin D1-negative",
96733/3,Preferred,1,Leukaemic non-nodal mantle cell lymphoma,
96750/3,Preferred,1,"Malignant lymphoma, mixed small and large cell, diffuse",
96750/3,Synonym,0,"Malignant lymphoma, centroblastic-centrocytic, NOS",
96750/3,Synonym,0,"Malignant lymphoma, centroblastic-centrocytic, diffuse",
96750/3,Synonym,0,"Malignant lymphoma, mixed cell type, diffuse",
96750/3,Synonym,0,"Malignant lymphoma, mixed lymphocytic-histiocytic, diffuse",
96780/3,Preferred,1,Primary effusion lymphoma,
96781/3,Preferred,1,Extracavitary primary effusion lymphoma,
96782/3,Preferred,1,Fibrin-associated large B-cell lymphoma,
96782/3,Synonym,0,Fibrin-associated diffuse large B-cell lymphoma,
96783/3,Preferred,1,Fluid overload-associated large B-cell lymphoma,
96783/3,Synonym,0,Fluid-overload effusion lymphoma,
96783/3,Synonym,0,KSHV/HHV8-negative effusion-based lymphoma,
96790/3,Preferred,1,Primary mediastinal large B-cell lymphoma,
96790/3,Synonym,0,Mediastinal large B-cell lymphoma,C38.3
96790/3,Synonym,0,Thymic large B-cell lymphoma,C37.9
96800/1,Preferred,1,EBV-positive mucocutaneous ulcer,
96800/3,Preferred,1,"Diffuse large B-cell lymphoma, NOS",
96800/3,Synonym,0,"Malignant lymphoma, large B-cell, diffuse, NOS",
96800/3,Synonym,0,"Malignant lymphoma, histiocytic, NOS",
96800/3,Synonym,0,"Malignant lymphoma, large B-cell, NOS",
96800/3,Synonym,0,"Malignant lymphoma, large cell, NOS",
96800/3,Synonym,0,"Malignant lymphoma, large cell, cleaved, NOS",
96800/3,Synonym,0,"Malignant lymphoma, large cell, diffuse, NOS",
96800/3,Synonym,0,"Malignant lymphoma, large cell, noncleaved, NOS",
96800/3,Synonym,0,"Malignant lymphoma, noncleaved, NOS",
96800/3,Synonym,0,"Malignant lymphoma, noncleaved, diffuse, NOS",
96800/3,Synonym,0,"Malignant lymphoma, histiocytic, diffuse",
96800/3,Synonym,0,"Malignant lymphoma, large cell, cleaved and noncleaved",
96800/3,Synonym,0,"Malignant lymphoma, large cell, cleaved, diffuse",
96800/3,Synonym,0,"Malignant lymphoma, large cell, noncleaved, diffuse",
96801/3,Preferred,1,"Diffuse large B-cell lymphoma, germinal-centre B-cell subtype",
96801/3,Synonym,0,"Diffuse large B-cell lymphoma, germinal-centre B-cell-like subtype",
96802/3,Preferred,1,"Diffuse large B-cell lymphoma, activated B-cell subtype",
96802/3,Synonym,0,"Diffuse large B-cell lymphoma, activated B-cell-like subtype",
96803/3,Preferred,1,"Diffuse large B-cell lymphoma, anaplastic subtype",
96803/3,Synonym,0,Anaplastic large B-cell lymphoma,
96804/3,Preferred,1,Diffuse large B-cell lymphoma associated with chronic inflammation,
96804/3,Related,0,Pyothorax-associated lymphoma,
96805/3,Preferred,1,Immunodeficiency-associated lymphoproliferative disorders,
96806/3,Preferred,1,AIDS-related diffuse large B-cell lymphoma,
96807/3,Preferred,1,EBV-positive diffuse large B-cell lymphoma,
96808/3,Preferred,1,Primary large B-cell lymphoma of immune-privileged sites,
96808/3,Related,0,Primary vitreoretinal large B-cell lymphoma,C69._
96808/3,Synonym,0,Primary large B-cell lymphoma of vitreoretina,C69._
96808/3,Synonym,0,Primary diffuse large B-cell lymphoma of the vitreoretina,
96808/3,Synonym,0,Vitreoretinal lymphoma,C69._
96808/3,Related,0,Primary large B-cell lymphoma of testis,C62._
96808/3,Synonym,0,Primary diffuse large B-cell lymphoma of the testis,
96808/3,Related,0,Primary large B-cell lymphoma of the CNS ,
96808/3,Synonym,0,Primary diffuse large B-cell lymphoma of CNS,"C70._, C71._, C72._"
96808/3,Synonym,0,Primary central nervous system lymphoma,"C70._, C71._, C72._"
96809/3,Preferred,1,"Primary cutaneous diffuse large B-cell lymphoma, leg type",C44.7
96809/3,Synonym,0,Primary cutaneous diffuse large B-cell lymphoma,C44._
9680A/3,Preferred,1,"High-grade B-cell lymphoma, NOS",
9680A/3,Synonym,0,"B-cell lymphoma, unclassifiable, with features intermediate between diffuse large B-cell lymphoma and Burkitt lymphoma",
9680B/3,Preferred,1,High-grade B-cell lymphoma NOS with MYC and BCL6 rearrangements,
9680C/3,Preferred,1,High-grade B-cell lymphoma with MYC and BCL2 and/or BCL6 rearrangements,
9680D/3,Preferred,1,"Diffuse large B-cell lymphoma/high-grade B-cell lymphoma with MYC and BCL2 rearrangements, NOS",
9680E/3,Preferred,1,Diffuse large B-cell lymphoma/high-grade B-cell lymphoma with MYC and BCL2 rearrangements without BCL6 rearrangement,
9680E/3,Synonym,0,DLBCL/HGBCL-MYC/BCL2 without BCL6 rearrangement,
9680E/3,Synonym,0,High-grade B-cell lymphoma with MYC and BCL2 rearrangements,
9680F/3,Preferred,1,Diffuse large B-cell lymphoma/high-grade B-cell lymphoma with MYC and BCL2 rearrangements with BCL6 rearrangement,
9680F/3,Synonym,0,DLBCL/HGBCL-MYC/BCL2 with BCL6 rearrangement,
9680F/3,Synonym,0,"High-grade B-cell lymphoma with MYC, BCL2, and BCL6 rearrangements",
9680G/3,Preferred,1,Diffuse large B-cell lymphoma/high-grade B-cell lymphoma with MYC and BCL2 rearrangements (with or without BCL6 rearrangement) with TdT expression,
9680G/3,Synonym,0,DLBCL/HGBCL-MYC/BCL2 (with or without BCL6 rearrangement) with TdT expression,
9680H/3,Preferred,1,Diffuse large B-cell lymphoma/high-grade B-cell lymphoma with MYC and BCL6 rearrangement,
9680J/3,Preferred,1,"Diffuse large B-cell lymphoma, centroblastic subtype",
9680J/3,Synonym,0,"Malignant lymphoma, centroblastic, NOS",
9680J/3,Synonym,0,"Malignant lymphoma, centroblastic, diffuse",
9680J/3,Synonym,0,"Malignant lymphoma, large B-cell, diffuse, centroblastic, NOS",
9680K/3,Preferred,1,Diffuse large B-cell lymphoma with MYC and BCL6 rearrangements,
96840/3,Preferred,1,"Diffuse large B-cell lymphoma, immunoblastic subtype",
96840/3,Synonym,0,"Malignant lymphoma, large B-cell, diffuse, immunoblastic, NOS",
96840/3,Synonym,0,"Malignant lymphoma, immunoblastic, NOS",
96840/3,Synonym,0,Immunoblastic sarcoma,
96840/3,Synonym,0,"Malignant lymphoma, large cell, immunoblastic",
96870/3,Preferred,1,"Burkitt lymphoma, NOS",
96870/3,Synonym,0,Burkitt tumour,
96870/3,Synonym,0,"Malignant lymphoma, small noncleaved, Burkitt type",
96870/3,Synonym,0,"Malignant lymphoma, undifferentiated, Burkitt type",
96871/3,Preferred,1,"Acute leukaemia, Burkitt type",
96871/3,Synonym,0,Burkitt cell leukaemia,
96871/3,Synonym,0,"Acute lymphoblastic leukaemia, mature B-cell type",
96871/3,Synonym,0,"B-ALL, NOS",
96871/3,Synonym,0,FAB L3,
96872/3,Preferred,1,"Burkitt lymphoma, endemic",
96873/3,Preferred,1,"Burkitt lymphoma, sporadic",
96874/3,Preferred,1,"Burkitt lymphoma, immunodeficiency-associated",
96875/3,Preferred,1,"Burkitt lymphoma, EBV-associated",
96876/3,Preferred,1,"Burkitt lymphoma, EBV-negative",
96877/3,Preferred,1,High-grade B-cell lymphoma with 11q aberration,
96877/3,Synonym,0,Large B-cell lymphoma with 11q aberration,
96877/3,Synonym,0,Burkitt-like lymphoma with 11q aberration,
96878/3,Preferred,1,"Burkitt-like lymphoma, NOS",
96880/3,Preferred,1,"T-cell/histiocyte-rich large B-cell lymphoma, NOS",
96880/3,Synonym,0,T-cell rich large B-cell lymphoma,
96880/3,Synonym,0,Histiocyte-rich large B-cell lymphoma,
96881/3,Preferred,1,"T-cell/histiocyte-rich large B-cell lymphoma, de novo",
96882/3,Preferred,1,T-cell/histiocyte-rich large B-cell lymphoma progressed from nodular lymphocyte-predominant Hodgkin lymphoma,
96890/3,Preferred,1,"Splenic marginal zone lymphoma, NOS",C42.2
96890/3,Synonym,0,Splenic marginal zone B-cell lymphoma,C42.2
96890/3,Synonym,0,Splenic lymphoma with villous lymphocytes,C42.2
96900/3,Preferred,1,"Follicular lymphoma, NOS",
96900/3,Synonym,0,"Malignant lymphoma, follicle centre, NOS",
96900/3,Synonym,0,"Malignant lymphoma, follicular, NOS",
96900/3,Synonym,0,"Malignant lymphoma, lymphocytic, nodular, NOS",
96900/3,Synonym,0,"Malignant lymphoma, nodular, NOS",
96900/3,Synonym,0,"Malignant lymphoma, centroblastic-centrocytic, follicular",
96900/3,Synonym,0,"Malignant lymphoma, follicle centre, follicular",
96901/3,Preferred,1,"Follicular lymphoma, paediatric-type",
96901/3,Synonym,0,Paediatric follicular lymphoma,
96902/3,Preferred,1,Follicular lymphoma with unusual cytological features,
96902/3,Synonym,0,Follicular lymphoma with uncommon features,
96903/3,Preferred,1,"Follicular lymphoma, classic",
96904/3,Preferred,1,Follicular lymphoma with a predominantly diffuse growth pattern,
96905/3,Preferred,1,BCL2-R-negative CD23-positive follicle centre lymphoma,
96910/3,Preferred,1,"Follicular lymphoma, grade 2",
96910/3,Synonym,0,"Malignant lymphoma, mixed cell type, follicular",
96910/3,Synonym,0,"Malignant lymphoma, mixed cell type, nodular",
96910/3,Synonym,0,"Malignant lymphoma, mixed lymphocytic-histiocytic, nodular",
96910/3,Synonym,0,"Malignant lymphoma, mixed small cleaved and large cell, follicular",
96950/1,Preferred,1,In situ follicular B-cell neoplasm,
96950/1,Synonym,0,In situ follicular neoplasia,
96950/1,Synonym,0,In situ follicular lymphoma,
96950/3,Preferred,1,"Follicular lymphoma, grade 1",
96950/3,Synonym,0,"Follicular lymphoma, small cleaved cell",
96950/3,Synonym,0,"Malignant lymphoma, lymphocytic, poorly differentiated, nodular",
96950/3,Synonym,0,"Malignant lymphoma, small cleaved cell, follicular",
96951/3,Preferred,1,"Follicular lymphoma, duodenal-type",C17._
96951/3,Synonym,0,Primary intestinal follicular lymphoma,C17._
96980/3,Preferred,1,"Follicular lymphoma, grade 3",
96980/3,Synonym,0,"Malignant lymphoma, large cell, follicular, NOS",
96980/3,Synonym,0,"Malignant lymphoma, noncleaved cell, follicular, NOS",
96980/3,Synonym,0,"Malignant lymphoma, centroblastic, follicular",
96980/3,Synonym,0,"Malignant lymphoma, histiocytic, nodular",
96980/3,Synonym,0,"Malignant lymphoma, large cell, noncleaved, follicular",
96980/3,Synonym,0,"Malignant lymphoma, large cleaved cell, follicular",
96980/3,Synonym,0,"Malignant lymphoma, lymphocytic, well-differentiated, nodular",
96981/3,Preferred,1,Large B-cell lymphoma with IRF4 rearrangement,
96982/3,Preferred,1,"Follicular lymphoma, grade 3A",
96983/3,Preferred,1,Follicular large B-cell lymphoma ,
96983/3,Synonym,0,"Follicular lymphoma, grade 3B",
96990/3,Preferred,1,"Marginal zone lymphoma, NOS",
96990/3,Synonym,0,"Marginal zone B-cell lymphoma, NOS",
96990/3,Synonym,0,Monocytoid B-cell lymphoma,
96991/3,Preferred,1,Extranodal marginal zone lymphoma of mucosa-associated lymphoid tissue,
96991/3,Synonym,0,Extranodal marginal zone lymphoma of MALT,
96991/3,Synonym,0,MALT lymphoma,
96991/3,Synonym,0,Extranodal marginal zone lymphoma,
96991/3,Synonym,0,Mucosa-associated lymphoid tissue lymphoma,
96991/3,Related,0,BALT lymphoma,C34._
96991/3,Synonym,0,Bronchus-associated lymphoid tissue lymphoma,C34._
96991/3,Related,0,SALT lymphoma,
96991/3,Synonym,0,Skin-associated lymphoid tissue lymphoma,
96991/3,Related,0,Primary choroidal lymphoma,C69.3
96992/3,Preferred,1,Nodal marginal zone lymphoma,
96993/3,Preferred,1,Paediatric nodal marginal zone lymphoma,
96994/3,Preferred,1,"Primary cutaneous marginal zone lymphoma, NOS",C44._
96994/3,Synonym,0,Primary cutaneous marginal zone lymphoproliferative disorder,C44._
96995/3,Preferred,1,"Primary cutaneous marginal zone lymphoma, heavy chain class-switched subtype",C44._
96995/3,Synonym,0,"Primary cutaneous marginal zone lymphoma, heavy chain class-switched form",C44._
96996/3,Preferred,1,"Primary cutaneous marginal zone lymphoma, IgM-positive non-class-switched subtype",C44._
96996/3,Synonym,0,"Primary cutaneous marginal zone lymphoma, non-class-switched form",C44._
97000/3,Preferred,1,Mycosis fungoides,C44._
97001/3,Preferred,1,Pagetoid reticulosis (Woringer-Kolopp type),
97002/3,Preferred,1,Granulomatous slack skin disease,C44._
97003/3,Preferred,1,Adnexotropic (folliculotropic  and/or syringotropic) mycosis fungoides,
97003/3,Synonym,0,Folliculotropic mycosis fungoides,
97004/3,Preferred,1,Hypopigmented mycosis fungoides,
97010/3,Preferred,1,Sézary syndrome,
97010/3,Synonym,0,Sézary disease,
97020/1,Preferred,1,Indolent T-cell lymphoma of gastrointestinal tract,
97020/1,Synonym,0,Indolent clonal T-cell lymphoproliferative disorder of the gastrointestinal tract,
97020/1,Synonym,0,Indolent T-cell lymphoproliferative disorder of gastrointestinal tract,
97021/1,Preferred,1,Indolent NK-cell lymphoproliferative disorder of gastrointestinal tract,
97021/1,Synonym,0,Atypical NK-cell proliferation of the gastrointestinal tract,
97021/1,Synonym,0,NK-cell enteropathy,
97021/1,Related,0,Lymphomatoid gastropathy,C16._
97020/3,Preferred,1,"Mature T-cell lymphoma, NOS",
97020/3,Synonym,0,"Peripheral T-cell lymphoma, NOS",
97020/3,Synonym,0,"T-cell lymphoma, NOS",
97020/3,Synonym,0,"Peripheral T-cell lymphoma, large cell",
97020/3,Synonym,0,"Peripheral T-cell lymphoma, pleomorphic medium and large cell",
97020/3,Synonym,0,"Peripheral T-cell lymphoma, pleomorphic small cell",
97020/3,Synonym,0,T-zone lymphoma,
97022/3,Preferred,1,Lymphoepithelioid lymphoma,
97022/3,Synonym,0,Lennert lymphoma,
97023/3,Preferred,1,"Nodal T follicular helper cell lymphoma, follicular type",
97023/3,Synonym,0,Follicular T-cell lymphoma,
97023/3,Synonym,0,"Follicular helper T-cell lymphoma, follicular type",
97023/3,Synonym,0,Nodal peripheral T-cell lymphoma with T follicular helper phenotype,
97024/3,Preferred,1,"Nodal T follicular helper cell lymphoma, NOS",
97024/3,Synonym,0,Peripheral T-cell lymphoma with TFH phenotype,
97024/3,Synonym,0,Nodal peripheral T-cell lymphoma with TFH phenotype,
97024/3,Synonym,0,Follicular helper T-cell lymphoma NOS,
97025/3,Preferred,1,EBV-positive nodal T- and NK-cell lymphoma,
97025/3,Synonym,0,Nodal EBV+ cytotoxic T-cell lymphoma,
97025/3,Synonym,0,"Nodal peripheral T-cell lymphoma, EBV-positive",
97025/3,Synonym,0,Primary nodal EBV-positive T/NK-cell lymphoma,
97050/3,Preferred,1,"Nodal T follicular helper cell lymphoma, angioimmunoblastic type",
97050/3,Synonym,0,Angioimmunoblastic T-cell lymphoma,
97050/3,Synonym,0,"Follicular helper T-cell lymphoma, angioimmunoblastic type",
97050/3,Synonym,0,Angioimmunoblastic lymphoma,
97050/3,Synonym,0,"Peripheral T-cell lymphoma, AILD (Angioimmunoblastic lymphadenopathy with dysproteinemia)",
97080/3,Preferred,1,Subcutaneous panniculitis-like T-cell lymphoma,
97090/1,Preferred,1,Primary cutaneous CD4-positive small or medium T-cell lymphoproliferative disorder,C44._
97090/1,Synonym,0,Primary cutaneous CD4-positive small/medium T-cell lymphoma,C44._
97090/3,Preferred,1,"Primary cutaneous peripheral T-cell lymphoma, NOS",C44._
97090/3,Synonym,0,"Primary cutaneous peripheral T-cell lymphoma, unspecified",
97090/3,Synonym,0,"Cutaneous T-cell lymphoma, NOS",C44._
97090/3,Synonym,0,"Cutaneous lymphoma, NOS",C44._
97091/3,Preferred,1,Primary cutaneous CD8-positive aggressive epidermotropic cytotoxic T-cell lymphoma,C44._
97092/3,Preferred,1,Primary cutaneous acral CD8-positive T-cell lymphoproliferative disorder,C44._
97092/3,Synonym,0,Primary cutaneous acral CD8-positive T-cell lymphoma,C44._
97120/3,Preferred,1,"Intravascular large B-cell lymphoma, NOS",C49.9
97120/3,Synonym,0,Intravascular B-cell lymphoma,
97120/3,Synonym,0,Angioendotheliomatosis,
97120/3,Synonym,0,Angiotropic lymphoma,
97121/3,Preferred,1,"Intravascular large B-cell lymphoma, cutaneous",C44._
97122/3,Preferred,1,"Intravascular large B-cell lymphoma, classic",
97123/3,Preferred,1,"Intravascular large B-cell lymphoma, haemophagocytic",
97140/3,Preferred,1,"Anaplastic large cell lymphoma, NOS",
97140/3,Synonym,0,"Anaplastic large cell lymphoma, T-cell and Null-cell type",
97140/3,Synonym,0,Large cell (Ki-1 positive) lymphoma,
97140/3,Synonym,0,"Anaplastic large cell lymphoma, CD30 positive",
97141/3,Preferred,1,"Anaplastic large cell lymphoma, ALK-positive",
97142/3,Preferred,1,"ALK-positive anaplastic large cell lymphoma, common",
97143/3,Preferred,1,"ALK-positive anaplastic large cell lymphoma, small cell",
97144/3,Preferred,1,"ALK-positive anaplastic large cell lymphoma, lymphohistiocytic",
97145/3,Preferred,1,"ALK-positive anaplastic large cell lymphoma, Hodgkin-like",
97146/3,Preferred,1,"ALK-positive anaplastic large cell lymphoma, composite",
97150/3,Preferred,1,"Anaplastic large cell lymphoma, ALK-negative",
97151/3,Preferred,1,Breast implant-associated anaplastic large cell lymphoma,C50._
97151/3,Synonym,0,Seroma-associated anaplastic large cell lymphoma,C50._
97160/3,Preferred,1,Hepatosplenic T-cell lymphoma,
97160/3,Synonym,0,Hepatosplenic gamma-delta cell lymphoma,
97170/3,Preferred,1,"Intestinal T-cell lymphoma, NOS",
97171/3,Preferred,1,"Enteropathy-associated T-cell lymphoma, NOS",
97171/3,Synonym,0,Enteropathy-type intestinal T-cell lymphoma,
97171/3,Synonym,0,"Enteropathy-associated T-cell lymphoma, type I",
97172/3,Preferred,1,Monomorphic epitheliotropic intestinal T-cell lymphoma,
97172/3,Synonym,0,"Enteropathy-associated T-cell lymphoma, type II",
97180/1,Preferred,1,Primary cutaneous CD30-positive T-cell lymphoproliferative disorder: Lymphomatoid papulosis,C44._
97180/1,Synonym,0,"Lymphomatoid papulosis, NOS",C44._
97180/1,Synonym,0,Primary cutaneous CD30-positive T-cell lymphoproliferative disorder,C44._
97180/1,Synonym,0,Primary mucosal CD30-positive T-cell lymphoproliferative disorder,C44._
97181/1,Preferred,1,Lymphomatoid papulosis type A,C44._
97182/1,Preferred,1,Lymphomatoid papulosis type B,C44._
97183/1,Preferred,1,Lymphomatoid papulosis type C,C44._
97184/1,Preferred,1,Lymphomatoid papulosis type D,C44._
97185/1,Preferred,1,Lymphomatoid papulosis type E,C44._
97186/1,Preferred,1,Lymphomatoid papulosis with DUSP22 locus rearrangement,C44._
97186/1,Synonym,0,Lymphomatoid papulosis with DUSP22-IRF4 rearrangement,C44._
97180/3,Preferred,1,Primary cutaneous CD30-positive T-cell lymphoproliferative disorder: Primary cutaneous anaplastic large cell lymphoma,C44._
97180/3,Synonym,0,Primary cutaneous anaplastic large cell lymphoma,C44._
97180/3,Synonym,0,Primary cutaneous CD30-positive large T-cell lymphoma,C44._
97180/3,Synonym,0,Ocular adnexal T-cell lymphoma,
97180/3,Related,0,Primary mucosal CD30-positive large T-cell lymphoma,
97190/3,Preferred,1,Extranodal NK/T-cell lymphoma,
97190/3,Synonym,0,EBV-positive extranodal NK/T-cell lymphoma,
97190/3,Synonym,0,"Extranodal NK/T-cell lymphoma, nasal type",
97190/3,Synonym,0,"NK/T-cell lymphoma, nasal and nasal type",
97190/3,Synonym,0,"Extranodal NK/T-cell lymphoma, non-nasal (extranasal)",
97190/3,Synonym,0,"Malignant reticulosis, NOS",
97190/3,Synonym,0,Angiocentric T-cell lymphoma,
97190/3,Synonym,0,Malignant midline reticulosis,
97190/3,Synonym,0,Polymorphic reticulosis,
97190/3,Synonym,0,"NK/T-cell lymphoma, NOS",
97240/3,Preferred,1,Systemic EBV-positive T-cell lymphoma of childhood,
97240/3,Synonym,0,Systemic EBV-positive T-cell lymphoproliferative disease of childhood,
97250/1,Preferred,1,"Hydroa vacciniforme lymphoproliferative disorder, NOS",
97250/1,Synonym,0,Hydroa vacciniforme-like lymphoproliferative disorder,
97250/1,Synonym,0,Hydroa vacciniforme-like lymphoma,
97251/1,Preferred,1,Systemic chronic active EBV disease,
97251/1,Synonym,0,Systemic chronic active EBV-positive disease,
97252/1,Preferred,1,"Hydroa vacciniforme lymphoproliferative disorder, classic",
97253/1,Preferred,1,"Hydroa vacciniforme lymphoproliferative disorder, systemic",
97260/3,Preferred,1,Primary cutaneous gamma-delta T-cell lymphoma,C44._
97270/1,Preferred,1,Mature plasmacytoid dendritic cell proliferation associated with myeloid neoplasm,
97270/1,Synonym,0,Mature plasmacytoid dendritic cell proliferation,
97270/3,Preferred,1,Blastic plasmacytoid dendritic cell neoplasm,
97270/3,Synonym,0,Blastic NK-cell lymphoma,
97310/3,Preferred,1,"Plasmacytoma, NOS",
97310/3,Synonym,0,Plasma cell tumour,
97310/3,Synonym,0,Plasmacytoma of bone,"C40._, C41._"
97310/3,Synonym,0,Solitary myeloma,
97310/3,Synonym,0,Solitary plasmacytoma,
97320/3,Preferred,1,Plasma cell myeloma,C42.1
97320/3,Synonym,0,Multiple myeloma,C42.1
97320/3,Synonym,0,"Myeloma, NOS",C42.1
97320/3,Synonym,0,Myelomatosis,C42.1
97321/3,Preferred,1,Smouldering (asymptomatic) myeloma,C42.1
97322/3,Preferred,1,Non-secretory myeloma,C42.1
97330/3,Preferred,1,Plasma cell leukaemia,C42.1
97330/3,Synonym,0,Plasmacytic leukaemia,C42.1
97340/3,Preferred,1,"Plasmacytoma, extramedullary",
97340/3,Synonym,0,Extraosseous plasmacytoma,
97350/3,Preferred,1,Plasmablastic lymphoma,
97370/3,Preferred,1,ALK-positive large B-cell lymphoma,
97380/3,Preferred,1,KSHV/HHV8-positive diffuse large B-cell lymphoma,
97380/3,Synonym,0,HHV8-positive diffuse large B-cell lymphoma,
97380/3,Synonym,0,Large B-cell lymphoma arising in HHV8-associated multicentric Castleman disease,
97400/1,Preferred,1,"Mastocytoma, NOS",
97400/1,Synonym,0,"Mast cell tumour, NOS",
97401/1,Preferred,1,"Cutaneous mastocytosis, NOS",C44._
97402/1,Preferred,1,Diffuse cutaneous mastocytosis,C44._
97403/1,Preferred,1,Extracutaneous mastocytoma,
97404/1,Preferred,1,Solitary mastocytoma of skin,C44._
97405/1,Preferred,1,Urticaria pigmentosa,
97406/1,Preferred,1,"Cutaneous mastocytosis, maculopapular",
97400/3,Preferred,1,Mast cell sarcoma,
97400/3,Synonym,0,Malignant mast cell tumour,
97400/3,Synonym,0,Malignant mastocytoma,
97410/1,Preferred,1,"Systemic mastocytosis, NOS",
97410/1,Synonym,0,Systemic mast cell disease,
97411/1,Preferred,1,Indolent systemic mastocytosis,
97412/1,Preferred,1,Bone marrow mastocytosis,
97413/1,Preferred,1,"Systemic mastocytosis, smouldering",
97410/3,Preferred,1,Malignant mastocytosis,
97410/3,Synonym,0,Systemic tissue mast cell disease,
97414/3,Preferred,1,Aggressive systemic mastocytosis,
97415/3,Preferred,1,Systemic mastocytosis with an associated haematological neoplasm,
97415/3,Synonym,0,Systemic mastocytosis with associated haematological clonal non-mast cell disorder,
97415/3,Synonym,0,Systemic mastocytosis with AHNMD,
97415/3,Synonym,0,Systemic mastocytosis with an associated clonal haematological non-mast cell lineage disease,
97420/3,Preferred,1,Mast cell leukaemia,C42.1
97490/1,Preferred,1,Juvenile xanthogranuloma,
97490/1,Synonym,0,Disseminated juvenile xanthogranuloma,
97490/3,Preferred,1,Erdheim-Chester disease,
97491/3,Preferred,1,Rosai-Dorfman disease,
97491/3,Synonym,0,Rosai-Dorfman-Destombes disease,
97491/3,Synonym,0,Sinus histiocytosis with massive lymphadenopathy,
97500/3,Preferred,1,"Malignant histiocytosis, NOS",
97500/3,Related,0,Histiocytic medullary reticulosis,
97501/3,Preferred,1,ALK-positive histiocytosis,
97501/3,Synonym,0,ALK-related histiocytosis,
97501/3,Synonym,0,ALK-rearranged histiocytosis,
97510/1,Preferred,1,"Langerhans cell histiocytosis, NOS",
97510/1,Related,0,Eosinophilic granuloma,
97510/1,Related,0,Langerhans cell granulomatosis,
97510/1,Related,0,"Histiocytosis X, NOS",
97510/1,Related,0,Hand-Schuller-Christian disease,
97510/1,Related,0,"Langerhans cell histiocytosis, monostotic",
97510/1,Related,0,"Langerhans cell histiocytosis, polystotic",
97510/3,Preferred,1,"Langerhans cell histiocytosis, disseminated",
97510/3,Related,0,Letterer-Siwe disease,
97510/3,Related,0,Non-lipid reticuloendotheliosis,
97510/3,Related,0,Acute progressive histiocytosis X,
97550/3,Preferred,1,Histiocytic sarcoma,
97550/3,Related,0,True histiocytic lymphoma,
97560/3,Preferred,1,"Langerhans cell sarcoma, NOS",
97560/3,Synonym,0,Malignant histiocytosis of Langerhans phenotype,
97561/3,Preferred,1,"Langerhans cell sarcoma, primary",
97562/3,Preferred,1,"Langerhans cell sarcoma, secondary",
97570/3,Preferred,1,"Dendritic cell sarcoma, NOS",
97571/3,Preferred,1,Interdigitating dendritic cell sarcoma,
97571/3,Synonym,0,Interdigitating dendritic cell tumour,
97571/3,Synonym,0,Interdigitating cell sarcoma,
97572/3,Preferred,1,Indeterminate dendritic cell tumour,
97572/3,Synonym,0,Indeterminate cell histiocytosis,
97572/3,Synonym,0,Indeterminate dendritic cell histiocytosis,
97580/3,Preferred,1,Follicular dendritic cell sarcoma,
97580/3,Related,0,Follicular dendritic cell tumour,
97581/3,Preferred,1,EBV-positive inflammatory follicular dendritic cell sarcoma,
97590/3,Preferred,1,Fibroblastic reticular cell tumour,
97590/3,Synonym,0,Fibroblastic dendritic cell tumour,
97590/3,Synonym,0,Fibroblastic reticular cell sarcoma,
97600/1,Preferred,1,IgG4-related disease,
97601/1,Preferred,1,Cold agglutinin disease,
97601/1,Synonym,0,Primary cold agglutinin-associated lymphoproliferative disease,
97601/1,Synonym,0,Primary cold agglutinin disease,
97600/3,Preferred,1,"Immunoproliferative disease, NOS",
97610/1,Preferred,1,IgM monoclonal gammopathy of undetermined significance,
97610/3,Preferred,1,Waldenström macroglobulinemia,C42.0
97611/3,Preferred,1,IgM-type lymphoplasmacytic lymphoma/Waldenström macroglobulinaemia,
97611/3,Synonym,0,IgM LPL/Waldenström Macroglobulinemia type,
97612/3,Preferred,1,Non-IgM-type lymphoplasmacytic lymphoma/Waldenström macroglobulinaemia,
97612/3,Synonym,0,Non-IgM LPL/Waldenström macroglobulinemia type,
97620/3,Preferred,1,"Heavy chain deposition disease, NOS",
97620/3,Synonym,0,"Heavy chain disease, NOS",
97621/3,Preferred,1,Alpha heavy chain disease,
97621/3,Synonym,0,Immunoproliferative small intestinal disease,C17._
97621/3,Synonym,0,Mediterranean lymphoma,
97622/3,Preferred,1,Gamma heavy chain disease,
97622/3,Synonym,0,Franklin disease,
97623/3,Preferred,1,Mu heavy chain disease,
97650/1,Preferred,1,"Monoclonal gammopathy of undetermined significance, NOS",
97650/1,Synonym,0,"MGUS, NOS",
97650/1,Synonym,0,"Monoclonal gammopathy, NOS",
97651/1,Preferred,1,Non-IgM monoclonal gammopathy of undetermined significance,
97651/1,Synonym,0,Non-IgM MGUS,
97652/1,Preferred,1,IgG monoclonal gammopathy of undetermined significance ,
97652/1,Synonym,0,IgG MGUS,
97653/1,Preferred,1,IgA monoclonal gammopathy of undetermined significance,
97653/1,Synonym,0,IgA MGUS,
97654/1,Preferred,1,IgD monoclonal gammopathy of undetermined significance,
97654/1,Synonym,0,IgD MGUS,
97655/1,Preferred,1,IgE monoclonal gammopathy of undetermined significance,
97655/1,Synonym,0,IgE MGUS,
97656/1,Preferred,1,Light chain monoclonal gammopathy of undetermined significance,
97656/1,Synonym,0,Light chain MGUS,
97657/1,Preferred,1,Monoclonal gammopathy of renal significance,
97660/1,Preferred,1,"Lymphomatoid granulomatosis, NOS",
97660/1,Synonym,0,Angiocentric immunoproliferative lesion,
97661/1,Preferred,1,"Lymphomatoid granulomatosis, grade 1",
97662/1,Preferred,1,"Lymphomatoid granulomatosis, grade 2",
97660/3,Preferred,1,"Lymphomatoid granulomatosis, grade 3",
97670/1,Preferred,1,Angioimmunoblastic lymphadenopathy (AIL),
97670/1,Synonym,0,Immunoblastic lymphadenopathy (IBL),
97680/1,Preferred,1,T-gamma lymphoproliferative disease,
97690/1,Preferred,1,Monoclonal immunoglobulin deposition disease,
97690/1,Synonym,0,Randall-type monoclonal immunoglobulin deposition disease,
97690/1,Synonym,0,Immunoglobulin deposition disease,
97691/1,Preferred,1,Light chain deposition disease,
97691/1,Synonym,0,Systemic light chain disease,
97692/1,Preferred,1,Light and heavy chain deposition disease,
97693/1,Preferred,1,"Immunoglobulin-related amyloidosis (AL amyloidosis), NOS",
97693/1,Synonym,0,Primary amyloidosis,
97693/1,Synonym,0,Light chain amyloidosis,
97693/1,Synonym,0,"AL amyloidosis, NOS",
97694/1,Preferred,1,Systemic AL amyloidosis,
97695/1,Preferred,1,Localized AL amyloidosis,
97696/1,Preferred,1,Heavy chain AL amyloidosis,
97697/1,Preferred,1,Immunoglobulin light chain amyloidoma,
97697/1,Synonym,0,AL amyloidoma,
98000/3,Preferred,1,"Leukaemia, NOS",
98001/3,Preferred,1,"Aleukaemic leukaemia, NOS",
98002/3,Preferred,1,"Chronic leukaemia, NOS",
98003/3,Preferred,1,"Subacute leukaemia, NOS",
98010/3,Preferred,1,"Acute leukaemia, NOS",
98010/3,Synonym,0,Blast cell leukaemia,
98010/3,Synonym,0,Stem cell leukaemia,
98011/3,Preferred,1,Acute undifferentiated leukaemia,
98011/3,Synonym,0,Undifferentiated leukaemia,
98050/3,Preferred,1,Acute biphenotypic leukaemia,
98050/3,Synonym,0,Acute bilineal leukaemia,
98050/3,Synonym,0,Acute mixed lineage leukaemia,
98050/3,Synonym,0,"Acute leukaemia of ambiguous lineage, NOS",
98051/3,Preferred,1,Acute leukaemia of ambiguous lineage with other defined genetic alterations,
98052/3,Preferred,1,"Mixed-phenotype acute leukaemia, B/T (MPAL-B/T)",
98053/3,Preferred,1,"Mixed-phenotype acute leukaemia, B/T/Myeloid (MPAL-B/T/M)",
98054/3,Preferred,1,"Mixed-phenotype acute leukaemia, T/Megakaryocytic (MPAL-T/Mk)",
98055/3,Preferred,1,Mixed-phenotype acute leukaemia with ZNF384 rearrangement,
98056/3,Preferred,1,Acute leukaemia of ambiguous lineage with BCL11B rearrangement,
98060/3,Preferred,1,Mixed-phenotype acute leukaemia with BCR::ABL1 fusion,
98060/3,Synonym,0,Mixed-phenotype acute leukaemia with t(9;22)(q34;q11.2),
98070/3,Preferred,1,Mixed-phenotype acute leukaemia with KMT2A rearrangement,
98070/3,Synonym,0,Mixed-phenotype acute leukaemia with t(v;11q23); MLL rearranged,
98080/3,Preferred,1,"Mixed-phenotype acute leukaemia, B/myeloid, NOS",
98090/3,Preferred,1,"Mixed-phenotype acute leukaemia, T/myeloid, NOS",
98110/3,Preferred,1,"B-lymphoblastic leukaemia/lymphoma, NOS",
98110/3,Synonym,0,B-cell acute lymphoblastic leukaemia (B-ALL),
98110/3,Synonym,0,B-cell lymphoblastic leukaemia/lymphoma,
98110/3,Synonym,0,c-ALL,
98110/3,Synonym,0,Common ALL,
98110/3,Synonym,0,Common precursor B ALL,
98110/3,Synonym,0,Pre-B ALL,
98110/3,Synonym,0,Pre-B-lymphoblastic leukaemia,
98110/3,Synonym,0,Pre-pre-B ALL,
98110/3,Synonym,0,Pro-B ALL,
98110/3,Synonym,0,Pro-B lymphoblastic leukaemia,
98110/3,Synonym,0,Pro-/pre-B-lymphoblastic leukaemia,
98110/3,Synonym,0,Precursor B-cell lymphoblastic lymphoma,
98110/3,Synonym,0,Precursor B-cell lymphoblastic leukaemia,
98110/3,Synonym,0,Precursor B-cell acute lymphoblastic leukaemia,
98110/3,Synonym,0,B-cell lymphoblastic lymphoma,
98111/3,Preferred,1,B-lymphoblastic leukaemia/lymphoma with iAMP21,
98112/3,Preferred,1,B-lymphoblastic leukaemia/lymphoma with other defined genetic alterations,
98113/3,Preferred,1,B-lymphoblastic leukaemia/lymphoma with DUX4 rearrangement,
98114/3,Preferred,1,B-lymphoblastic leukaemia/lymphoma with MEF2D rearrangement,
98115/3,Preferred,1,B-lymphoblastic leukaemia/lymphoma with ZNF384 rearrangement,
98116/3,Preferred,1,B-lymphoblastic leukaemia/lymphoma with PAX5alt,
98116/3,Synonym,0,B-lymphoblastic leukaemia/lymphoma with PAX5 alteration,
98117/3,Preferred,1,B-lymphoblastic leukaemia/lymphoma with PAX5 p.P80R,
98118/3,Preferred,1,B-lymphoblastic leukaemia/lymphoma with NUTM1 rearrangement,
98119/3,Preferred,1,B-lymphoblastic leukaemia with MYC rearrangement,
98120/3,Preferred,1,B-lymphoblastic leukaemia/lymphoma with BCR::ABL1 fusion,
98120/3,Synonym,0,B-lymphoblastic leukaemia/lymphoma with t(9;22)(q34;q11.2),
98130/3,Preferred,1,B-lymphoblastic leukaemia/lymphoma with KMT2A rearrangement,
98130/3,Synonym,0,B-lymphoblastic leukaemia/lymphoma with t(v;11q23); MLL rearranged,
98140/3,Preferred,1,B-lymphoblastic leukaemia/lymphoma with ETV6::RUNX1 fusion,
98140/3,Synonym,0,B-lymphoblastic leukaemia/lymphoma with t(12;21)(p13;q22); TEL::AML1 (ETV6::RUNX1),
98141/3,Preferred,1,B-lymphoblastic leukaemia/lymphoma with ETV6::RUNX1-like features,
98150/3,Preferred,1,B-lymphoblastic leukaemia/lymphoma with high hyperdiploidy,
98150/3,Synonym,0,B-lymphoblastic leukaemia/lymphoma with hyperdiploidy,
98160/3,Preferred,1,B-lymphoblastic leukaemia/lymphoma with hypodiploidy (Hypodiploid ALL),
98161/3,Preferred,1,Near-haploid B-lymphoblastic leukaemia/lymphoma with hypodiploidy,
98161/3,Synonym,0,B-lymphoblastic leukaemia/lymphoma with near-haploidy,
98162/3,Preferred,1,Low-hypodiploid B-lymphoblastic leukaemia/lymphoma with hypodiploidy,
98162/3,Synonym,0,B-lymphoblastic leukaemia/lymphoma with low hypodiploidy,
98163/3,Preferred,1,High-hypodiploid B-lymphoblastic leukaemia/lymphoma with hypodiploidy,
98163/3,Synonym,0,B-lymphoblastic leukaemia/lymphoma with high hypodiploidy,
98170/3,Preferred,1,B-lymphoblastic leukaemia/lymphoma with IGH::IL3 fusion,
98170/3,Synonym,0,B-lymphoblastic leukaemia/lymphoma with t(5;14)(q31;q32); IL3::IGH,
98180/3,Preferred,1,B-lymphoblastic leukaemia/lymphoma with TCF3::PBX1 fusion,
98180/3,Synonym,0,B-lymphoblastic leukaemia/lymphoma with t(1;19)(q23;p13.3); E2A::PBX1 (TCF3::PBX1),
98181/3,Preferred,1,B-lymphoblastic leukaemia/lymphoma with TCF3::HLF fusion,
98190/3,Preferred,1,B-lymphoblastic leukaemia/lymphoma with BCR::ABL1-like features,
98190/3,Synonym,0,"B-lymphoblastic leukaemia/lymphoma, BCR::ABL1-like",
98190/3,Synonym,0,Philadelphia-like (Ph-like) B-ALL,
98200/3,Preferred,1,"Lymphoid leukaemia, NOS",
98200/3,Synonym,0,"Lymphatic leukaemia, NOS",
98200/3,Synonym,0,"Lymphocytic leukaemia, NOS",
98200/3,Synonym,0,Aleukaemic lymphoid leukaemia,
98200/3,Synonym,0,Aleukaemic lymphatic leukaemia,
98200/3,Synonym,0,Aleukaemic lymphocytic leukaemia,
98200/3,Synonym,0,Lymphosarcoma cell leukaemia,
98200/3,Synonym,0,Subacute lymphoid leukaemia,
98200/3,Synonym,0,Subacute lymphatic leukaemia,
98200/3,Synonym,0,Subacute lymphocytic leukaemia,
98230/1,Preferred,1,"Monoclonal B-cell lymphocytosis, chronic lymphocytic leukaemia/small lymphocytic lymphoma (CLL/SLL) type",
98230/1,Synonym,0,"Monoclonal B-cell lymphocytosis, chronic lymphocytic leukaemia type",
98230/1,Synonym,0,"Monoclonal B-cell lymphocytosis, CLL type",
98230/3,Preferred,1,"Chronic lymphocytic leukaemia/small lymphocytic lymphoma, NOS",
98230/3,Synonym,0,B-cell chronic lymphocytic leukaemia/small lymphocytic lymphoma,
98230/3,Synonym,0,Chronic lymphatic leukaemia,
98230/3,Synonym,0,Chronic lymphocytic leukaemia,
98230/3,Synonym,0,"Chronic lymphocytic leukaemia, B-cell type",
98230/3,Synonym,0,Chronic lymphoid leukaemia,
98230/3,Synonym,0,"Malignant lymphoma, small B lymphocytic, NOS",
98230/3,Synonym,0,"Malignant lymphoma, lymphocytic, NOS",
98230/3,Synonym,0,"Malignant lymphoma, lymphocytic, diffuse, NOS",
98230/3,Synonym,0,"Malignant lymphoma, small cell, NOS",
98230/3,Synonym,0,"Malignant lymphoma, small lymphocytic, NOS",
98230/3,Synonym,0,"Malignant lymphoma, lymphocytic, well-differentiated, diffuse",
98230/3,Synonym,0,"Malignant lymphoma, small cell diffuse",
98230/3,Synonym,0,"Malignant lymphoma, small lymphocytic, diffuse",
98270/3,Preferred,1,"Adult T-cell lymphoma/leukaemia, NOS",
98270/3,Synonym,0,Adult T-cell leukaemia/lymphoma (HTLV-1 positive),
98270/3,Synonym,0,"Adult T-cell leukaemia/lymphoma, HTLV-1 associated",
98270/3,Synonym,0,Adult T-cell leukaemia,
98270/3,Synonym,0,Adult T-cell lymphoma,
98271/3,Preferred,1,"Adult T-cell lymphoma/leukaemia, smouldering",
98272/3,Preferred,1,"Adult T-cell lymphoma/leukaemia, chronic",
98273/3,Preferred,1,"Adult T-cell lymphoma/leukaemia, lymphomatous",
98273/3,Synonym,0,"Adult T-cell lymphoma/leukaemia, lymphoma",
98274/3,Preferred,1,"Adult T-cell lymphoma/leukaemia, acute",
98310/3,Preferred,1,T-large granular lymphocytic leukaemia,
98310/3,Synonym,0,T-cell large granular lymphocytic leukaemia,
98310/3,Synonym,0,T-cell lymphoproliferative disease of granular lymphocytes,
98310/3,Synonym,0,"Large granular lymphocytosis, NOS",
98310/3,Synonym,0,T-cell large granular lymphocytosis,
98311/3,Preferred,1,NK-large granular lymphocytic leukaemia,
98311/3,Synonym,0,NK-cell large granular lymphocytic leukaemia,
98311/3,Synonym,0,Chronic lymphoproliferative disorder of NK cells,
98311/3,Synonym,0,Chronic NK-large granular lymphocyte lymphoproliferative disorder,
98320/3,Preferred,1,"Prolymphocytic leukaemia, NOS",
98330/3,Preferred,1,"Prolymphocytic leukaemia, B-cell type",
98340/3,Preferred,1,T-prolymphocytic leukaemia,
98340/3,Synonym,0,T-cell prolymphocytic leukaemia,
98340/3,Synonym,0,"Prolymphocytic leukaemia, T-cell type",
98350/3,Preferred,1,"Lymphoblastic leukaemia/lymphoma, NOS",
98350/3,Synonym,0,"Precursor cell lymphoblastic leukaemia, NOS",
98350/3,Synonym,0,"Acute lymphoblastic leukaemia, NOS",
98350/3,Synonym,0,"Acute lymphoblastic leukaemia, L2 type, NOS",
98350/3,Synonym,0,"Acute lymphoblastic leukaemia-lymphoma, NOS",
98350/3,Synonym,0,"Lymphoblastic leukaemia, NOS",
98350/3,Synonym,0,Acute lymphatic leukaemia,
98350/3,Synonym,0,Acute lymphocytic leukaemia,
98350/3,Synonym,0,Acute lymphoid leukaemia,
98350/3,Synonym,0,FAB L1,
98350/3,Synonym,0,FAB L2,
98350/3,Synonym,0,"Precursor cell lymphoblastic leukaemia, not phenotyped",
98350/3,Synonym,0,"Acute lymphoblastic leukaemia, precursor-cell type",
98350/3,Synonym,0,"Precursor cell lymphoblastic lymphoma, NOS",
98350/3,Synonym,0,"Malignant lymphoma, lymphoblastic, NOS",
98350/3,Synonym,0,Lymphoblastoma,
98350/3,Synonym,0,"Malignant lymphoma, convoluted cell",
98351/3,Preferred,1,NK-lymphoblastic leukaemia/lymphoma,
98370/3,Preferred,1,"T-lymphoblastic leukaemia/lymphoma, NOS",
98370/3,Synonym,0,Precursor T-cell lymphoblastic leukaemia,
98370/3,Synonym,0,Precursor T-lymphoblastic leukaemia/lymphoma,
98370/3,Synonym,0,T-cell acute lymphoblastic leukaemia,
98370/3,Synonym,0,Cortical T ALL,
98370/3,Synonym,0,Mature T ALL,
98370/3,Synonym,0,Pre-T ALL,
98370/3,Synonym,0,Pro-T ALL,
98370/3,Synonym,0,Precursor T-cell lymphoblastic lymphoma,
98371/3,Preferred,1,Early T-cell precursor acute lymphoblastic leukaemia,
98371/3,Synonym,0,Early T-precursor lymphoblastic leukaemia/lymphoma,
98371/3,Synonym,0,Early T lymphoblastic leukaemia/lymphoma,
98400/3,Preferred,1,Acute erythroid leukaemia,
98400/3,Synonym,0,Pure erythroid leukaemia,
98400/3,Synonym,0,"Acute myeloid leukaemia, M6 type",
98400/3,Synonym,0,Acute erythraemia,
98400/3,Synonym,0,Acute erythraemic myelosis,
98400/3,Synonym,0,AML M6,
98400/3,Synonym,0,Di Guglielmo disease,
98400/3,Synonym,0,"Erythremic myelosis, NOS",
98400/3,Synonym,0,Erythroleukaemia,
98400/3,Synonym,0,FAB M6,
98400/3,Synonym,0,M6A,
98400/3,Synonym,0,M6B,
98600/0,Preferred,1,"Clonal haematopoiesis, NOS",
98602/0,Preferred,1,"Clonal haematopoiesis, age-related (ARCH)",
98603/0,Preferred,1,Clonal haematopoiesis of indeterminate potential,
98604/0,Preferred,1,VEXAS syndrome,
98600/3,Preferred,1,"Myeloid leukaemia, NOS",
98600/3,Synonym,0,"Granulocytic leukaemia, NOS",
98600/3,Synonym,0,"Myelocytic leukaemia, NOS",
98600/3,Synonym,0,"Myelogenous leukaemia, NOS",
98600/3,Synonym,0,"Myelomonocytic leukaemia, NOS",
98600/3,Synonym,0,"Non-lymphocytic leukaemia, NOS",
98600/3,Synonym,0,Aleukaemic myeloid leukaemia,
98600/3,Synonym,0,Aleukaemic granulocytic leukaemia,
98600/3,Synonym,0,Aleukaemic myelogenous leukaemia,
98600/3,Synonym,0,Aleukaemic monocytic leukaemia,
98600/3,Synonym,0,Chronic monocytic leukaemia,
98600/3,Related,0,"Monocytic leukaemia, NOS",
98600/3,Synonym,0,Subacute monocytic leukaemia,
98600/3,Synonym,0,Subacute myeloid leukaemia,
98600/3,Synonym,0,Subacute granulocytic leukaemia,
98600/3,Synonym,0,Subacute myelogenous leukaemia,
98601/3,Preferred,1,"Eosinophilic leukaemia, NOS",
98610/3,Preferred,1,"Acute myeloid leukaemia, NOS",
98610/3,Synonym,0,Acute granulocytic leukaemia,
98610/3,Synonym,0,Acute myelocytic leukaemia,
98610/3,Synonym,0,Acute myelogenous leukaemia,
98610/3,Synonym,0,Acute non-lymphocytic leukaemia,
98611/3,Preferred,1,Acute myeloid leukaemia with other defined genetic alterations,
98612/3,Preferred,1,Acute myeloid leukaemia with NUP98 rearrangement,
98613/3,Preferred,1,Acute myeloid leukaemia with RUNX1T3(CBFA2T3)::GLIS2,
98613/3,Synonym,0,Acute myeloid leukaemia with CBFA2T3::GLIS2 fusion,
98614/3,Preferred,1,Acute myeloid leukaemia with KAT6A::CREBBP fusion,
98615/3,Preferred,1,Acute myeloid leukaemia with FUS::ERG fusion,
98616/3,Preferred,1,Acute myeloid leukaemia with MNX1::ETV6 fusion,
98617/3,Preferred,1,Acute myeloid leukaemia with NPM1::MLF1 fusion,
98630/3,Preferred,1,"Chronic myeloid leukaemia, NOS",
98630/3,Synonym,0,"Chronic granulocytic leukaemia, NOS",
98630/3,Synonym,0,"Chronic myelocytic leukaemia, NOS",
98630/3,Synonym,0,"Chronic myelogenous leukaemia, NOS",
98650/3,Preferred,1,Acute myeloid leukaemia with DEK::NUP214 fusion,
98650/3,Synonym,0,Acute myeloid leukaemia with t(6;9)(p22.3;q34.1),
98660/3,Preferred,1,Acute promyelocytic leukaemia with PML::RARA fusion,
98660/3,Synonym,0,Acute promyelocytic leukaemia with t(15;17)(q24.1;q21.2),
98660/3,Synonym,0,"Acute promyelocytic leukaemia, t(15;17)(q22;q11-12)",
98660/3,Synonym,0,"Acute promyelocytic leukaemia, NOS",
98660/3,Synonym,0,"Acute myeloid leukaemia, PML::RAR-alpha",
98660/3,Synonym,0,"Acute myeloid leukaemia, t(15;17)(q22;q11-12)",
98660/3,Synonym,0,"Acute promyelocytic leukaemia, PML::RAR-alpha",
98660/3,Synonym,0,FAB M3,
98661/3,Preferred,1,Acute promyelocytic leukaemia with a variant RARA translocation,
98670/3,Preferred,1,"Acute myelomonocytic leukaemia, NOS",
98670/3,Synonym,0,FAB M4,
98690/3,Preferred,1,Acute myeloid leukaemia with MECOM rearrangement,
98690/3,Synonym,0,Acute myeloid leukaemia with EVI1 rearrangement,
98690/3,Synonym,0,Acute myeloid leukaemia with inv(3)(q21;q26.2) or t(3;3)(q21;q26.2); RPN1::EVI1,
98700/3,Preferred,1,Acute basophilic leukaemia,
98701/3,Preferred,1,Acute basophilic leukemia with t(X;6)(p11;q23); MYB::GATA1,
98710/3,Preferred,1,Acute myeloid leukaemia with CBFB::MYH11 fusion,
98710/3,Synonym,0,Acute myeloid leukaemia with CBFB rearrangement,
98710/3,Synonym,0,Acute myeloid leukaemia with abnormal marrow eosinophils,
98710/3,Synonym,0,"Acute myeloid leukaemia, CBF-beta::MYH11",
98710/3,Synonym,0,Acute myeloid leukaemia with inv(16)(p13.1;q22),
98710/3,Synonym,0,Acute myeloid leukaemia with t(16;16)(p13.1;q22),
98710/3,Synonym,0,Acute myelomonocytic leukaemia with abnormal eosinophils,
98710/3,Synonym,0,FAB M4Eo,
98720/3,Preferred,1,Acute myeloid leukaemia with minimal differentiation,
98720/3,Synonym,0,"Acute myeloid leukaemia, minimal differentiation",
98720/3,Synonym,0,Acute myeloblastic leukaemia,
98720/3,Synonym,0,FAB M0,
98730/3,Preferred,1,Acute myeloid leukaemia without maturation,
98730/3,Synonym,0,FAB M1,
98740/3,Preferred,1,Acute myeloid leukaemia with maturation,
98740/3,Synonym,0,"FAB M2, NOS",
98750/3,Preferred,1,"Chronic myeloid leukaemia, BCR::ABL1",
98750/3,Synonym,0,"Chronic myelogenous leukaemia, BCR::ABL1 positive",
98750/3,Synonym,0,"Chronic granulocytic leukaemia, BCR::ABL1",
98750/3,Synonym,0,"Chronic granulocytic leukaemia, Philadelphia chromosome (Ph1) positive",
98750/3,Synonym,0,"Chronic granulocytic leukaemia, t(9;22)(q34;q11)",
98750/3,Synonym,0,"Chronic myeloid leukaemia, Philadelphia chromosome (Ph1) positive",
98750/3,Synonym,0,"Chronic myeloid leukaemia, Philadelphia chromosome-positive (Ph+)",
98750/3,Synonym,0,"Chronic myelogenous leukaemia, Philadelphia chromosome (Ph1) positive",
98750/3,Synonym,0,"Chronic myeloid leukaemia, t(9;22)(q34;q11)",
98750/3,Synonym,0,"Chronic myelogenous leukaemia, t(9;22)(q34;q11)",
98760/3,Preferred,1,Myelodysplastic/myeloproliferative neoplasm with neutrophilia,
98760/3,Synonym,0,"Atypical chronic myeloid leukaemia, BCR::ABL1 negative",
98760/3,Synonym,0,"Atypical chronic myeloid leukaemia, Philadelphia chromosome (Ph1) negative",
98770/3,Preferred,1,Acute myeloid leukaemia with NPM1 mutation,
98770/3,Synonym,0,Acute myeloid leukaemia with mutated NPM1,
98780/3,Preferred,1,Acute myeloid leukaemia with CEBPA mutation,
98781/3,Preferred,1,Acute myeloid leukaemia with biallelic mutation of CEBPA,
98790/3,Preferred,1,Acute myeloid leukaemia with mutated RUNX1,
98910/3,Preferred,1,Acute monocytic leukaemia,
98910/3,Synonym,0,Acute monoblastic and monocytic leukaemia,
98910/3,Synonym,0,Acute monoblastic leukaemia,
98910/3,Synonym,0,"Monoblastic leukaemia, NOS",
98910/3,Synonym,0,FAB M5,
98950/3,Preferred,1,"Acute myeloid leukaemia, myelodysplasia-related",
98950/3,Synonym,0,Acute myeloid leukaemia with myelodysplasia-related changes,
98950/3,Synonym,0,Acute myeloid leukaemia with prior myelodysplastic syndrome,
98950/3,Synonym,0,Acute myeloid leukaemia post myelodysplastic neoplasm,
98950/3,Synonym,0,Acute myeloid leukaemia post myelodysplastic/myeloproliferative neoplasm,
98950/3,Synonym,0,Acute myeloid leukaemia with multilineage dysplasia,
98950/3,Synonym,0,Acute myeloid leukaemia without prior myelodysplastic syndrome,
98960/3,Preferred,1,Acute myeloid leukaemia with RUNX1::RUNX1T1 fusion,
98960/3,Synonym,0,Acute myeloid leukaemia with t(8;21)(q22;q22.1),
98960/3,Synonym,0,"Acute myeloid leukaemia, t(8;21)(q22;q22)",
98960/3,Synonym,0,"Acute myeloid leukaemia, AML1(CBF-alpha)::ETO",
98960/3,Synonym,0,"FAB M2, AML1(CBF-alpha)::ETO",
98960/3,Synonym,0,"FAB M2, t(8;21)(q22;q22)",
98970/3,Preferred,1,Acute myeloid leukaemia with KMT2A rearrangement,
98970/3,Synonym,0,"Acute myeloid leukaemia, 11q23 abnormalities",
98970/3,Synonym,0,"Acute myeloid leukaemia, MLL",
98970/3,Related,0,Acute myeloid leukaemia with KMT2A::MLLT3,
98970/3,Synonym,0,Acute myeloid leukaemia with t(9;11)(p22;q23); MLLT3::MLL,
98980/1,Preferred,1,Transient abnormal myelopoiesis,
98980/3,Preferred,1,Myeloid leukaemia associated with Down syndrome,
99100/3,Preferred,1,"Acute megakaryoblastic leukaemia, NOS",
99100/3,Synonym,0,Megakaryocytic leukaemia,
99100/3,Synonym,0,FAB M7,
99110/3,Preferred,1,Acute myeloid leukaemia with RBM15::MRTFA fusion,
99110/3,Synonym,0,Acute megakaryoblastic leukaemia with RBM15::MRTFA,
99110/3,Synonym,0,Acute myeloid leukaemia (megakaryoblastic) with t(1;22)(p13;q13); RBM15::MKL1,
99120/3,Preferred,1,Acute myeloid leukaemia with BCR::ABL1 fusion,
99120/3,Synonym,0,Acute myeloid leukaemia with BCR::ABL1,
99120/3,Synonym,0,Acute myeloid leukaemia with t(9;22)(q34;q11.2),
99200/3,Preferred,1,Myeloid neoplasm post cytotoxic therapy,
99200/3,Synonym,0,Therapy-related myeloid neoplasm,
99201/3,Preferred,1,Acute myeloid leukaemia post cytotoxic therapy,
99201/3,Synonym,0,"Therapy-related acute myeloid leukaemia, NOS",
99201/3,Related,0,"Therapy-related acute myeloid leukaemia, alkylating agent related",
99201/3,Related,0,"Therapy-related acute myeloid leukaemia, epipodophyllotoxin-related",
99202/3,Preferred,1,Myelodysplastic/myeloproliferative neoplasm post cytotoxic therapy,
99300/3,Preferred,1,Myeloid sarcoma,
99300/3,Synonym,0,Chloroma,
99300/3,Synonym,0,Granulocytic sarcoma,
99310/3,Preferred,1,Acute panmyelosis with myelofibrosis,C42.1
99310/3,Synonym,0,"Acute myelosclerosis, NOS",
99310/3,Synonym,0,"Acute panmyelosis, NOS",
99310/3,Synonym,0,Acute myelofibrosis,
99310/3,Synonym,0,Malignant myelosclerosis,
99400/3,Preferred,1,"Hairy cell leukaemia, NOS",C42.1
99400/3,Synonym,0,Leukaemic reticuloendotheliosis,
99450/3,Preferred,1,"Chronic myelomonocytic leukaemia, NOS",
99451/3,Preferred,1,"Chronic myelomonocytic leukaemia, type I",
99452/3,Preferred,1,"Chronic myelomonocytic leukaemia, type II",
99453/3,Preferred,1,Myelodysplastic chronic myelomonocytic leukaemia (MD-CMML),
99454/3,Preferred,1,Myeloproliferative chronic myelomonocytic leukaemia (MP-CMML),
99455/3,Preferred,1,Chronic myelomonocytic leukaemia in transformation,
99460/3,Preferred,1,"Juvenile myelomonocytic leukaemia, NOS",
99460/3,Synonym,0,Juvenile chronic myelomonocytic leukaemia,
99461/3,Preferred,1,PTPN11-mutated juvenile myelomonocytic leukaemia,
99462/3,Preferred,1,NRAS-mutated juvenile myelomonocytic leukaemia,
99463/3,Preferred,1,KRAS-mutated juvenile myelomonocytic leukaemia,
99464/3,Preferred,1,Juvenile myelomonocytic leukaemia in neurofibromatosis type 1 (NF1),
99465/3,Preferred,1,Juvenile myelomonocytic leukaemia in children with CBL syndrome,
99466/3,Preferred,1,Juvenile myelomonocytic leukaemia-like disorders in children with Noonan syndrome (NS),
99480/3,Preferred,1,Aggressive NK-cell leukaemia,
99480/3,Synonym,0,Aggressive NK-cell leukaemia/lymphoma,
99500/3,Preferred,1,Polycythaemia vera,
99500/3,Synonym,0,Chronic erythremia,
99500/3,Synonym,0,Polycythaemia rubra vera,
99500/3,Synonym,0,Proliferative polycythaemia,
99600/3,Preferred,1,"Myeloproliferative neoplasm, NOS",
99600/3,Synonym,0,"Chronic myeloproliferative disease, NOS",
99600/3,Synonym,0,Chronic myeloproliferative disorder,
99600/3,Synonym,0,"Myeloproliferative disease, NOS",
99610/3,Preferred,1,"Primary myelofibrosis, NOS",
99610/3,Synonym,0,Agnogenic myeloid metaplasia,
99610/3,Synonym,0,Chronic idiopathic myelofibrosis,
99610/3,Synonym,0,Megakaryocytic myelosclerosis,
99610/3,Synonym,0,Myelofibrosis as a result of myeloproliferative disease,
99610/3,Synonym,0,Myelofibrosis with myeloid metaplasia,
99610/3,Synonym,0,Myelosclerosis with myeloid metaplasia,
99611/3,Preferred,1,"Primary myelofibrosis, prefibrotic",
99612/3,Preferred,1,"Primary myelofibrosis, fibrotic",
99620/3,Preferred,1,Essential thrombocythaemia,
99620/3,Synonym,0,Essential haemorrhagic thrombocythaemia,
99620/3,Synonym,0,Idiopathic haemorrhagic thrombocythaemia,
99620/3,Synonym,0,Idiopathic thrombocythaemia,
99630/3,Preferred,1,Chronic neutrophilic leukaemia,
99640/3,Preferred,1,Chronic eosinophilic leukaemia,
99640/3,Synonym,0,Hypereosinophilic syndrome,
99650/3,Preferred,1,Myeloid/lymphoid neoplasm with PDGFRA rearrangement,
99660/3,Preferred,1,Myeloid/lymphoid neoplasm with PDGFRB rearrangement,
99660/3,Synonym,0,Chronic myelomonocytic leukaemia with eosinophilia associated with t(5;12),
99660/3,Synonym,0,Myeloid neoplasm associated with PDGFRB rearrangement,
99670/3,Preferred,1,Myeloid/lymphoid neoplasm with FGFR1 rearrangement,
99680/3,Preferred,1,Myeloid/lymphoid neoplasm with JAK2 rearrangement,
99680/3,Synonym,0,Myeloid/lymphoid neoplasm with PCM1::JAK2,
99681/3,Preferred,1,Myeloid/lymphoid neoplasm with FLT3 rearrangement,
99682/3,Preferred,1,Myeloid/lymphoid neoplasm with ETV6::ABL1 fusion,
99683/3,Preferred,1,Myeloid/lymphoid neoplasm with other tyrosine kinase fusion genes,
99700/1,Preferred,1,"Lymphoproliferative disorder, NOS",
99700/1,Synonym,0,"Lymphoproliferative disease, NOS",
99710/1,Preferred,1,"Posttransplant lymphoproliferative disorder, NOS",
99710/1,Synonym,0,"PTLD, NOS",
99711/1,Preferred,1,Polymorphic lymphoproliferative disorder arising in immune deficiency/dysregulation,
99711/1,Related,0,Polymorphic posttransplant lymphoproliferative disorder,
99711/1,Synonym,0,Polymorphic PTLD,
99750/3,Preferred,1,"Myeloproliferative neoplasm, NOS (unclassifiable)",
99750/3,Synonym,0,"Myeloproliferative neoplasm, unclassifiable",
99751/3,Preferred,1,"Myelodysplastic/myeloproliferative neoplasm, NOS (unclassifiable)",
99800/1,Preferred,1,Clonal cytopenia of undetermined significance,
99800/3,Preferred,1,Myelodysplastic neoplasm with low blasts and single-lineage dysplasia,
99800/3,Synonym,0,Myelodysplastic syndrome with single-lineage dysplasia,
99800/3,Synonym,0,"Refractory anaemia, NOS",
99800/3,Synonym,0,Refractory anaemia without sideroblasts,
99800/3,Synonym,0,Refractory neutropenia,
99800/3,Synonym,0,Refractory thrombocytopenia,
99820/3,Preferred,1,Myelodysplastic syndrome with ring sideroblasts and single lineage dysplasia,
99820/3,Synonym,0,Refractory anaemia with sideroblasts,
99820/3,Synonym,0,RARS,
99820/3,Synonym,0,"Refractory anaemia with ring sideroblasts, NOS",
99820/3,Synonym,0,"Myelodysplastic syndrome with ring sideroblasts, NOS",
99821/3,Preferred,1,Myelodysplastic neoplasm with low blasts and SF3B1 mutation,
99821/3,Synonym,0,MDS with low blasts and ring sideroblasts,
99822/3,Preferred,1,Myelodysplastic/myeloproliferative neoplasm with SF3B1 mutation and thrombocytosis,
99822/3,Synonym,0,Myelodysplastic/myeloproliferative neoplasm (MDS/MPN) with ring sideroblasts and thrombocytosis,
99822/3,Synonym,0,Refractory anaemia with ring sideroblasts associated with marked thrombocytosis,
99830/3,Preferred,1,Myelodysplastic neoplasm with increased blasts,
99830/3,Synonym,0,Myelodysplastic syndrome with increased blasts,
99830/3,Synonym,0,Myelodysplastic syndrome with excess blasts,
99830/3,Synonym,0,"Refractory anaemia with excess blasts, NOS",
99830/3,Synonym,0,"RAEB, NOS",
99831/3,Preferred,1,MDS with increased blasts-1 (MDS-IB1),
99831/3,Synonym,0,MDS with excess blasts 1,
99831/3,Synonym,0,RAEB I,
99832/3,Preferred,1,MDS with increased blasts-2 (MDS-IB2),
99832/3,Synonym,0,MDS with excess blasts 2,
99832/3,Synonym,0,RAEB II,
99833/3,Preferred,1,MDS with increased blasts and fibrosis (MDS-F),
99834/3,Preferred,1,Childhood myelodysplastic neoplasm with increased blasts,
99834/3,Synonym,0,Childhood myelodysplastic neoplasm with excess blasts,
99840/3,Preferred,1,Refractory anaemia with excess blasts in transformation,
99840/3,Synonym,0,RAEB-T,
99850/3,Preferred,1,Myelodysplastic neoplasm with low blasts and multilineage dysplasia,
99850/3,Synonym,0,Myelodysplastic syndrome with multilineage dysplasia,
99850/3,Synonym,0,Refractory cytopenia with multilineage dysplasia,
99851/3,Preferred,1,"Childhood myelodysplastic neoplasm with low blasts, NOS",
99851/3,Synonym,0,Refractory cytopenia of childhood,
99852/3,Preferred,1,Myelodysplastic neoplasm with biallelic TP53 inactivation,
99852/3,Synonym,0,Myelodysplastic neoplasm with muti-hit TP53 inactivation,
99853/3,Preferred,1,"Myelodysplastic neoplasm with low blasts, NOS",
99854/3,Preferred,1,"Myelodysplastic neoplasm, hypoplastic",
99855/3,Preferred,1,"Childhood myelodysplastic neoplasm with low blasts, hypocellular",
99860/3,Preferred,1,Myelodysplastic neoplasm with low blasts and 5q deletion,
99860/3,Synonym,0,Myelodysplastic syndrome with isolated del (5q),
99860/3,Synonym,0,Myelodysplastic syndrome with 5q deletion (5q-) syndrome,
99860/3,Synonym,0,Myelodysplastic syndrome with del(5q),
99870/3,Preferred,1,Myelodysplastic neoplasm post cytotoxic therapy,
99870/3,Synonym,0,"Therapy-related myelodysplastic syndrome, NOS",
99870/3,Synonym,0,"Myelodysplastic neoplasm post cytotoxic therapy, alkylating agent related",
99870/3,Synonym,0,"Myelodysplastic neoplasm post cytotoxic therapy, epipodophyllotoxin-related",
99890/3,Preferred,1,"Myelodysplastic neoplasm, NOS",
99890/3,Synonym,0,"Myelodysplastic syndrome, NOS",
99890/3,Synonym,0,Preleukaemia,
99890/3,Synonym,0,Preleukaemic syndrome,
99891/3,Preferred,1,"Myelodysplastic syndrome, unclassifiable",
99930/3,Preferred,1,Myelodysplastic syndrome with ring sideroblasts and multilineage dysplasia,
